"0,0,0,0,0,0,0,0,0",5,1,1,2014-06-13 01:09:28.625530
"0,0,0,0,-1,0,0,0,0",2,1,1,2014-06-13 01:09:28.625530
"0,-1,0,0,1,0,0,0,0",3,1,1,2014-06-13 01:09:28.625530
"0,1,-1,0,-1,0,0,0,0",6,1,1,2014-06-13 01:09:28.625530
"0,-1,1,0,1,-1,0,0,0",1,1,1,2014-06-13 01:09:28.625530
"-1,1,-1,0,-1,1,0,0,0",7,1,1,2014-06-13 01:09:28.625530
"1,-1,1,0,1,-1,-1,0,0",4,1,1,2014-06-13 01:09:28.625530
"-1,1,-1,-1,-1,1,1,0,0",8,1,1,2014-06-13 01:09:28.625530
"1,-1,1,1,1,-1,-1,-1,0",9,1,1,2014-06-13 01:09:28.625530
"0,0,0,0,0,0,0,0,0",5,1,1,2014-06-13 01:09:28.834647
"0,0,0,0,-1,0,0,0,0",2,1,1,2014-06-13 01:09:28.834647
"0,-1,0,0,1,0,0,0,0",3,1,1,2014-06-13 01:09:28.834647
"0,1,-1,0,-1,0,0,0,0",6,1,1,2014-06-13 01:09:28.834647
"0,-1,1,0,1,-1,0,0,0",1,1,1,2014-06-13 01:09:28.834647
"-1,1,-1,0,-1,1,0,0,0",7,1,1,2014-06-13 01:09:28.834647
"1,-1,1,0,1,-1,-1,0,0",4,1,1,2014-06-13 01:09:28.834647
"-1,1,-1,-1,-1,1,1,0,0",8,1,1,2014-06-13 01:09:28.834647
"1,-1,1,1,1,-1,-1,-1,0",9,1,1,2014-06-13 01:09:28.834647
"0,0,0,0,0,0,0,0,0",7,1,1,2014-06-13 01:09:28.834647
"0,0,0,0,0,0,-1,0,0",8,1,1,2014-06-13 01:09:28.834647
"0,0,0,0,0,0,1,-1,0",1,1,1,2014-06-13 01:09:28.834647
"-1,0,0,0,0,0,-1,1,0",5,1,1,2014-06-13 01:09:28.834647
"1,0,0,0,-1,0,1,-1,0",4,1,1,2014-06-13 01:09:28.834647
"0,0,0,0,0,0,0,0,0",5,1,0,2014-06-13 01:09:29.692214
"0,0,0,0,-1,0,0,0,0",2,1,0,2014-06-13 01:09:29.692214
"0,-1,0,0,1,0,0,0,0",3,1,0,2014-06-13 01:09:29.692214
"0,1,-1,0,-1,0,0,0,0",6,1,0,2014-06-13 01:09:29.692214
"0,-1,1,0,1,-1,0,0,0",1,1,0,2014-06-13 01:09:29.692214
"-1,1,-1,0,-1,1,0,0,0",7,1,0,2014-06-13 01:09:29.692214
"1,-1,1,0,1,-1,-1,0,0",4,1,0,2014-06-13 01:09:29.692214
"-1,1,-1,-1,-1,1,1,0,0",8,1,0,2014-06-13 01:09:29.692214
"1,-1,1,1,1,-1,-1,-1,0",9,1,0,2014-06-13 01:09:29.692214
"0,0,0,0,0,0,0,0,0",7,1,0,2014-06-13 01:09:29.692214
"0,0,0,0,0,0,-1,0,0",8,1,0,2014-06-13 01:09:29.692214
"0,0,0,0,0,0,1,-1,0",1,1,0,2014-06-13 01:09:29.692214
"-1,0,0,0,0,0,-1,1,0",5,1,0,2014-06-13 01:09:29.692214
"1,0,0,0,-1,0,1,-1,0",4,1,0,2014-06-13 01:09:29.692214
"0,0,0,0,0,0,0,0,0",4,1,0,2014-06-13 01:09:29.692214
"0,0,0,-1,0,0,0,0,0",5,1,0,2014-06-13 01:09:29.692214
"0,0,0,1,-1,0,0,0,0",3,1,0,2014-06-13 01:09:29.692214
"0,0,-1,-1,1,0,0,0,0",7,1,0,2014-06-13 01:09:29.692214
"0,0,1,1,-1,0,-1,0,0",6,1,0,2014-06-13 01:09:29.692214
"0,0,-1,-1,1,-1,1,0,0",2,1,0,2014-06-13 01:09:29.692214
"0,-1,1,1,-1,1,-1,0,0",1,1,0,2014-06-13 01:09:29.692214
"-1,1,-1,-1,1,-1,1,0,0",9,1,0,2014-06-13 01:09:29.692214
"1,-1,1,1,-1,1,-1,0,-1",8,1,0,2014-06-13 01:09:29.692214
"0,0,0,0,0,0,0,0,0",5,1,1,2014-06-13 01:09:31.182592
"0,0,0,0,-1,0,0,0,0",2,1,1,2014-06-13 01:09:31.182592
"0,-1,0,0,1,0,0,0,0",3,1,1,2014-06-13 01:09:31.182592
"0,1,-1,0,-1,0,0,0,0",6,1,1,2014-06-13 01:09:31.182592
"0,-1,1,0,1,-1,0,0,0",1,1,1,2014-06-13 01:09:31.182592
"-1,1,-1,0,-1,1,0,0,0",7,1,1,2014-06-13 01:09:31.182592
"1,-1,1,0,1,-1,-1,0,0",4,1,1,2014-06-13 01:09:31.182592
"-1,1,-1,-1,-1,1,1,0,0",8,1,1,2014-06-13 01:09:31.182592
"1,-1,1,1,1,-1,-1,-1,0",9,1,1,2014-06-13 01:09:31.182592
"0,0,0,0,0,0,0,0,0",7,1,1,2014-06-13 01:09:31.182592
"0,0,0,0,0,0,-1,0,0",8,1,1,2014-06-13 01:09:31.182592
"0,0,0,0,0,0,1,-1,0",1,1,1,2014-06-13 01:09:31.182592
"-1,0,0,0,0,0,-1,1,0",5,1,1,2014-06-13 01:09:31.182592
"1,0,0,0,-1,0,1,-1,0",4,1,1,2014-06-13 01:09:31.182592
"0,0,0,0,0,0,0,0,0",4,1,1,2014-06-13 01:09:31.182592
"0,0,0,-1,0,0,0,0,0",5,1,1,2014-06-13 01:09:31.182592
"0,0,0,1,-1,0,0,0,0",3,1,1,2014-06-13 01:09:31.182592
"0,0,-1,-1,1,0,0,0,0",7,1,1,2014-06-13 01:09:31.182592
"0,0,1,1,-1,0,-1,0,0",6,1,1,2014-06-13 01:09:31.182592
"0,0,-1,-1,1,-1,1,0,0",2,1,1,2014-06-13 01:09:31.182592
"0,-1,1,1,-1,1,-1,0,0",1,1,1,2014-06-13 01:09:31.182592
"-1,1,-1,-1,1,-1,1,0,0",9,1,1,2014-06-13 01:09:31.182592
"1,-1,1,1,-1,1,-1,0,-1",8,1,1,2014-06-13 01:09:31.182592
"0,0,0,0,0,0,0,0,0",3,1,1,2014-06-13 01:09:31.182592
"0,0,-1,0,0,0,0,0,0",2,1,1,2014-06-13 01:09:31.182592
"0,-1,1,0,0,0,0,0,0",9,1,1,2014-06-13 01:09:31.182592
"0,1,-1,0,0,0,0,0,-1",5,1,1,2014-06-13 01:09:31.182592
"0,-1,1,0,-1,0,0,0,1",4,1,1,2014-06-13 01:09:31.182592
"0,1,-1,-1,1,0,0,0,-1",1,1,1,2014-06-13 01:09:31.182592
"-1,-1,1,1,-1,0,0,0,1",6,1,1,2014-06-13 01:09:31.182592
"0,0,0,0,0,0,0,0,0",5,1,1,2014-06-13 01:09:33.554544
"0,0,0,0,-1,0,0,0,0",2,1,1,2014-06-13 01:09:33.554544
"0,-1,0,0,1,0,0,0,0",3,1,1,2014-06-13 01:09:33.554544
"0,1,-1,0,-1,0,0,0,0",6,1,1,2014-06-13 01:09:33.554544
"0,-1,1,0,1,-1,0,0,0",1,1,1,2014-06-13 01:09:33.554544
"-1,1,-1,0,-1,1,0,0,0",7,1,1,2014-06-13 01:09:33.554544
"1,-1,1,0,1,-1,-1,0,0",4,1,1,2014-06-13 01:09:33.554544
"-1,1,-1,-1,-1,1,1,0,0",8,1,1,2014-06-13 01:09:33.554544
"1,-1,1,1,1,-1,-1,-1,0",9,1,1,2014-06-13 01:09:33.554544
"0,0,0,0,0,0,0,0,0",7,1,1,2014-06-13 01:09:33.554544
"0,0,0,0,0,0,-1,0,0",8,1,1,2014-06-13 01:09:33.554544
"0,0,0,0,0,0,1,-1,0",1,1,1,2014-06-13 01:09:33.554544
"-1,0,0,0,0,0,-1,1,0",5,1,1,2014-06-13 01:09:33.554544
"1,0,0,0,-1,0,1,-1,0",4,1,1,2014-06-13 01:09:33.554544
"0,0,0,0,0,0,0,0,0",4,1,1,2014-06-13 01:09:33.554544
"0,0,0,-1,0,0,0,0,0",5,1,1,2014-06-13 01:09:33.554544
"0,0,0,1,-1,0,0,0,0",3,1,1,2014-06-13 01:09:33.554544
"0,0,-1,-1,1,0,0,0,0",7,1,1,2014-06-13 01:09:33.554544
"0,0,1,1,-1,0,-1,0,0",6,1,1,2014-06-13 01:09:33.554544
"0,0,-1,-1,1,-1,1,0,0",2,1,1,2014-06-13 01:09:33.554544
"0,-1,1,1,-1,1,-1,0,0",1,1,1,2014-06-13 01:09:33.554544
"-1,1,-1,-1,1,-1,1,0,0",9,1,1,2014-06-13 01:09:33.554544
"1,-1,1,1,-1,1,-1,0,-1",8,1,1,2014-06-13 01:09:33.554544
"0,0,0,0,0,0,0,0,0",3,1,1,2014-06-13 01:09:33.554544
"0,0,-1,0,0,0,0,0,0",2,1,1,2014-06-13 01:09:33.554544
"0,-1,1,0,0,0,0,0,0",9,1,1,2014-06-13 01:09:33.554544
"0,1,-1,0,0,0,0,0,-1",5,1,1,2014-06-13 01:09:33.554544
"0,-1,1,0,-1,0,0,0,1",4,1,1,2014-06-13 01:09:33.554544
"0,1,-1,-1,1,0,0,0,-1",1,1,1,2014-06-13 01:09:33.554544
"-1,-1,1,1,-1,0,0,0,1",6,1,1,2014-06-13 01:09:33.554544
"0,0,0,0,0,0,0,0,0",4,1,1,2014-06-13 01:09:33.554544
"0,0,0,-1,0,0,0,0,0",9,1,1,2014-06-13 01:09:33.554544
"0,0,0,1,0,0,0,0,-1",7,1,1,2014-06-13 01:09:33.554544
"0,0,0,-1,0,0,-1,0,1",6,1,1,2014-06-13 01:09:33.554544
"0,0,0,1,0,-1,1,0,-1",2,1,1,2014-06-13 01:09:33.554544
"0,-1,0,-1,0,1,-1,0,1",3,1,1,2014-06-13 01:09:33.554544
"0,0,0,0,0,0,0,0,0",5,1,1,2014-06-13 01:09:38.093518
"0,0,0,0,-1,0,0,0,0",2,1,1,2014-06-13 01:09:38.093518
"0,-1,0,0,1,0,0,0,0",3,1,1,2014-06-13 01:09:38.093518
"0,1,-1,0,-1,0,0,0,0",6,1,1,2014-06-13 01:09:38.093518
"0,-1,1,0,1,-1,0,0,0",1,1,1,2014-06-13 01:09:38.093518
"-1,1,-1,0,-1,1,0,0,0",7,1,1,2014-06-13 01:09:38.093518
"1,-1,1,0,1,-1,-1,0,0",4,1,1,2014-06-13 01:09:38.093518
"-1,1,-1,-1,-1,1,1,0,0",8,1,1,2014-06-13 01:09:38.093518
"1,-1,1,1,1,-1,-1,-1,0",9,1,1,2014-06-13 01:09:38.093518
"0,0,0,0,0,0,0,0,0",7,1,1,2014-06-13 01:09:38.093518
"0,0,0,0,0,0,-1,0,0",8,1,1,2014-06-13 01:09:38.093518
"0,0,0,0,0,0,1,-1,0",1,1,1,2014-06-13 01:09:38.093518
"-1,0,0,0,0,0,-1,1,0",5,1,1,2014-06-13 01:09:38.093518
"1,0,0,0,-1,0,1,-1,0",4,1,1,2014-06-13 01:09:38.093518
"0,0,0,0,0,0,0,0,0",4,1,1,2014-06-13 01:09:38.093518
"0,0,0,-1,0,0,0,0,0",5,1,1,2014-06-13 01:09:38.093518
"0,0,0,1,-1,0,0,0,0",3,1,1,2014-06-13 01:09:38.093518
"0,0,-1,-1,1,0,0,0,0",7,1,1,2014-06-13 01:09:38.093518
"0,0,1,1,-1,0,-1,0,0",6,1,1,2014-06-13 01:09:38.093518
"0,0,-1,-1,1,-1,1,0,0",2,1,1,2014-06-13 01:09:38.093518
"0,-1,1,1,-1,1,-1,0,0",1,1,1,2014-06-13 01:09:38.093518
"-1,1,-1,-1,1,-1,1,0,0",9,1,1,2014-06-13 01:09:38.093518
"1,-1,1,1,-1,1,-1,0,-1",8,1,1,2014-06-13 01:09:38.093518
"0,0,0,0,0,0,0,0,0",3,1,1,2014-06-13 01:09:38.093518
"0,0,-1,0,0,0,0,0,0",2,1,1,2014-06-13 01:09:38.093518
"0,-1,1,0,0,0,0,0,0",9,1,1,2014-06-13 01:09:38.093518
"0,1,-1,0,0,0,0,0,-1",5,1,1,2014-06-13 01:09:38.093518
"0,-1,1,0,-1,0,0,0,1",4,1,1,2014-06-13 01:09:38.093518
"0,1,-1,-1,1,0,0,0,-1",1,1,1,2014-06-13 01:09:38.093518
"-1,-1,1,1,-1,0,0,0,1",6,1,1,2014-06-13 01:09:38.093518
"0,0,0,0,0,0,0,0,0",4,1,1,2014-06-13 01:09:38.093518
"0,0,0,-1,0,0,0,0,0",9,1,1,2014-06-13 01:09:38.093518
"0,0,0,1,0,0,0,0,-1",7,1,1,2014-06-13 01:09:38.093518
"0,0,0,-1,0,0,-1,0,1",6,1,1,2014-06-13 01:09:38.093518
"0,0,0,1,0,-1,1,0,-1",2,1,1,2014-06-13 01:09:38.093518
"0,-1,0,-1,0,1,-1,0,1",3,1,1,2014-06-13 01:09:38.093518
"0,0,0,0,0,0,0,0,0",6,1,1,2014-06-13 01:09:38.093518
"0,0,0,0,0,-1,0,0,0",5,1,1,2014-06-13 01:09:38.093518
"0,0,0,0,-1,1,0,0,0",2,1,1,2014-06-13 01:09:38.093518
"0,-1,0,0,1,-1,0,0,0",9,1,1,2014-06-13 01:09:38.093518
"0,1,0,0,-1,1,0,0,-1",8,1,1,2014-06-13 01:09:38.093518
"0,-1,0,0,1,-1,0,-1,1",7,1,1,2014-06-13 01:09:38.093518
"0,1,0,0,-1,1,-1,1,-1",4,1,1,2014-06-13 01:09:38.093518
"0,-1,0,-1,1,-1,1,-1,1",1,1,1,2014-06-13 01:09:38.093518
"0,0,0,0,0,0,0,0,0",5,1,1,2014-06-13 01:09:43.880560
"0,0,0,0,-1,0,0,0,0",2,1,1,2014-06-13 01:09:43.880560
"0,-1,0,0,1,0,0,0,0",3,1,1,2014-06-13 01:09:43.880560
"0,1,-1,0,-1,0,0,0,0",6,1,1,2014-06-13 01:09:43.880560
"0,-1,1,0,1,-1,0,0,0",1,1,1,2014-06-13 01:09:43.880560
"-1,1,-1,0,-1,1,0,0,0",7,1,1,2014-06-13 01:09:43.880560
"1,-1,1,0,1,-1,-1,0,0",4,1,1,2014-06-13 01:09:43.880560
"-1,1,-1,-1,-1,1,1,0,0",8,1,1,2014-06-13 01:09:43.880560
"1,-1,1,1,1,-1,-1,-1,0",9,1,1,2014-06-13 01:09:43.880560
"0,0,0,0,0,0,0,0,0",7,1,1,2014-06-13 01:09:43.880560
"0,0,0,0,0,0,-1,0,0",8,1,1,2014-06-13 01:09:43.880560
"0,0,0,0,0,0,1,-1,0",1,1,1,2014-06-13 01:09:43.880560
"-1,0,0,0,0,0,-1,1,0",5,1,1,2014-06-13 01:09:43.880560
"1,0,0,0,-1,0,1,-1,0",4,1,1,2014-06-13 01:09:43.880560
"0,0,0,0,0,0,0,0,0",4,1,1,2014-06-13 01:09:43.880560
"0,0,0,-1,0,0,0,0,0",5,1,1,2014-06-13 01:09:43.880560
"0,0,0,1,-1,0,0,0,0",3,1,1,2014-06-13 01:09:43.880560
"0,0,-1,-1,1,0,0,0,0",7,1,1,2014-06-13 01:09:43.880560
"0,0,1,1,-1,0,-1,0,0",6,1,1,2014-06-13 01:09:43.880560
"0,0,-1,-1,1,-1,1,0,0",2,1,1,2014-06-13 01:09:43.880560
"0,-1,1,1,-1,1,-1,0,0",1,1,1,2014-06-13 01:09:43.880560
"-1,1,-1,-1,1,-1,1,0,0",9,1,1,2014-06-13 01:09:43.880560
"1,-1,1,1,-1,1,-1,0,-1",8,1,1,2014-06-13 01:09:43.880560
"0,0,0,0,0,0,0,0,0",3,1,1,2014-06-13 01:09:43.880560
"0,0,-1,0,0,0,0,0,0",2,1,1,2014-06-13 01:09:43.880560
"0,-1,1,0,0,0,0,0,0",9,1,1,2014-06-13 01:09:43.880560
"0,1,-1,0,0,0,0,0,-1",5,1,1,2014-06-13 01:09:43.880560
"0,-1,1,0,-1,0,0,0,1",4,1,1,2014-06-13 01:09:43.880560
"0,1,-1,-1,1,0,0,0,-1",1,1,1,2014-06-13 01:09:43.880560
"-1,-1,1,1,-1,0,0,0,1",6,1,1,2014-06-13 01:09:43.880560
"0,0,0,0,0,0,0,0,0",4,1,1,2014-06-13 01:09:43.880560
"0,0,0,-1,0,0,0,0,0",9,1,1,2014-06-13 01:09:43.880560
"0,0,0,1,0,0,0,0,-1",7,1,1,2014-06-13 01:09:43.880560
"0,0,0,-1,0,0,-1,0,1",6,1,1,2014-06-13 01:09:43.880560
"0,0,0,1,0,-1,1,0,-1",2,1,1,2014-06-13 01:09:43.880560
"0,-1,0,-1,0,1,-1,0,1",3,1,1,2014-06-13 01:09:43.880560
"0,0,0,0,0,0,0,0,0",6,1,1,2014-06-13 01:09:43.880560
"0,0,0,0,0,-1,0,0,0",5,1,1,2014-06-13 01:09:43.880560
"0,0,0,0,-1,1,0,0,0",2,1,1,2014-06-13 01:09:43.880560
"0,-1,0,0,1,-1,0,0,0",9,1,1,2014-06-13 01:09:43.880560
"0,1,0,0,-1,1,0,0,-1",8,1,1,2014-06-13 01:09:43.880560
"0,-1,0,0,1,-1,0,-1,1",7,1,1,2014-06-13 01:09:43.880560
"0,1,0,0,-1,1,-1,1,-1",4,1,1,2014-06-13 01:09:43.880560
"0,-1,0,-1,1,-1,1,-1,1",1,1,1,2014-06-13 01:09:43.880560
"0,0,0,0,0,0,0,0,0",4,1,1,2014-06-13 01:09:43.880560
"0,0,0,-1,0,0,0,0,0",3,1,1,2014-06-13 01:09:43.880560
"0,0,-1,1,0,0,0,0,0",1,1,1,2014-06-13 01:09:43.880560
"-1,0,1,-1,0,0,0,0,0",6,1,1,2014-06-13 01:09:43.880560
"1,0,-1,1,0,-1,0,0,0",9,1,1,2014-06-13 01:09:43.880560
"-1,0,1,-1,0,1,0,0,-1",2,1,1,2014-06-13 01:09:43.880560
"1,-1,-1,1,0,-1,0,0,1",5,1,1,2014-06-13 01:09:43.880560
"0,0,0,0,0,0,0,0,0",5,1,1,2014-06-13 01:09:52.705363
"0,0,0,0,-1,0,0,0,0",2,1,1,2014-06-13 01:09:52.705363
"0,-1,0,0,1,0,0,0,0",3,1,1,2014-06-13 01:09:52.705363
"0,1,-1,0,-1,0,0,0,0",6,1,1,2014-06-13 01:09:52.705363
"0,-1,1,0,1,-1,0,0,0",1,1,1,2014-06-13 01:09:52.705363
"-1,1,-1,0,-1,1,0,0,0",7,1,1,2014-06-13 01:09:52.705363
"1,-1,1,0,1,-1,-1,0,0",4,1,1,2014-06-13 01:09:52.705363
"-1,1,-1,-1,-1,1,1,0,0",8,1,1,2014-06-13 01:09:52.705363
"1,-1,1,1,1,-1,-1,-1,0",9,1,1,2014-06-13 01:09:52.705363
"0,0,0,0,0,0,0,0,0",7,1,1,2014-06-13 01:09:52.705363
"0,0,0,0,0,0,-1,0,0",8,1,1,2014-06-13 01:09:52.705363
"0,0,0,0,0,0,1,-1,0",1,1,1,2014-06-13 01:09:52.705363
"-1,0,0,0,0,0,-1,1,0",5,1,1,2014-06-13 01:09:52.705363
"1,0,0,0,-1,0,1,-1,0",4,1,1,2014-06-13 01:09:52.705363
"0,0,0,0,0,0,0,0,0",4,1,1,2014-06-13 01:09:52.705363
"0,0,0,-1,0,0,0,0,0",5,1,1,2014-06-13 01:09:52.705363
"0,0,0,1,-1,0,0,0,0",3,1,1,2014-06-13 01:09:52.705363
"0,0,-1,-1,1,0,0,0,0",7,1,1,2014-06-13 01:09:52.705363
"0,0,1,1,-1,0,-1,0,0",6,1,1,2014-06-13 01:09:52.705363
"0,0,-1,-1,1,-1,1,0,0",2,1,1,2014-06-13 01:09:52.705363
"0,-1,1,1,-1,1,-1,0,0",1,1,1,2014-06-13 01:09:52.705363
"-1,1,-1,-1,1,-1,1,0,0",9,1,1,2014-06-13 01:09:52.705363
"1,-1,1,1,-1,1,-1,0,-1",8,1,1,2014-06-13 01:09:52.705363
"0,0,0,0,0,0,0,0,0",3,1,1,2014-06-13 01:09:52.705363
"0,0,-1,0,0,0,0,0,0",2,1,1,2014-06-13 01:09:52.705363
"0,-1,1,0,0,0,0,0,0",9,1,1,2014-06-13 01:09:52.705363
"0,1,-1,0,0,0,0,0,-1",5,1,1,2014-06-13 01:09:52.705363
"0,-1,1,0,-1,0,0,0,1",4,1,1,2014-06-13 01:09:52.705363
"0,1,-1,-1,1,0,0,0,-1",1,1,1,2014-06-13 01:09:52.705363
"-1,-1,1,1,-1,0,0,0,1",6,1,1,2014-06-13 01:09:52.705363
"0,0,0,0,0,0,0,0,0",4,1,1,2014-06-13 01:09:52.705363
"0,0,0,-1,0,0,0,0,0",9,1,1,2014-06-13 01:09:52.705363
"0,0,0,1,0,0,0,0,-1",7,1,1,2014-06-13 01:09:52.705363
"0,0,0,-1,0,0,-1,0,1",6,1,1,2014-06-13 01:09:52.705363
"0,0,0,1,0,-1,1,0,-1",2,1,1,2014-06-13 01:09:52.705363
"0,-1,0,-1,0,1,-1,0,1",3,1,1,2014-06-13 01:09:52.705363
"0,0,0,0,0,0,0,0,0",6,1,1,2014-06-13 01:09:52.705363
"0,0,0,0,0,-1,0,0,0",5,1,1,2014-06-13 01:09:52.705363
"0,0,0,0,-1,1,0,0,0",2,1,1,2014-06-13 01:09:52.705363
"0,-1,0,0,1,-1,0,0,0",9,1,1,2014-06-13 01:09:52.705363
"0,1,0,0,-1,1,0,0,-1",8,1,1,2014-06-13 01:09:52.705363
"0,-1,0,0,1,-1,0,-1,1",7,1,1,2014-06-13 01:09:52.705363
"0,1,0,0,-1,1,-1,1,-1",4,1,1,2014-06-13 01:09:52.705363
"0,-1,0,-1,1,-1,1,-1,1",1,1,1,2014-06-13 01:09:52.705363
"0,0,0,0,0,0,0,0,0",4,1,1,2014-06-13 01:09:52.705363
"0,0,0,-1,0,0,0,0,0",3,1,1,2014-06-13 01:09:52.705363
"0,0,-1,1,0,0,0,0,0",1,1,1,2014-06-13 01:09:52.705363
"-1,0,1,-1,0,0,0,0,0",6,1,1,2014-06-13 01:09:52.705363
"1,0,-1,1,0,-1,0,0,0",9,1,1,2014-06-13 01:09:52.705363
"-1,0,1,-1,0,1,0,0,-1",2,1,1,2014-06-13 01:09:52.705363
"1,-1,-1,1,0,-1,0,0,1",5,1,1,2014-06-13 01:09:52.705363
"0,0,0,0,0,0,0,0,0",4,1,1,2014-06-13 01:09:52.705363
"0,0,0,-1,0,0,0,0,0",5,1,1,2014-06-13 01:09:52.705363
"0,0,0,1,-1,0,0,0,0",2,1,1,2014-06-13 01:09:52.705363
"0,-1,0,-1,1,0,0,0,0",7,1,1,2014-06-13 01:09:52.705363
"0,1,0,1,-1,0,-1,0,0",6,1,1,2014-06-13 01:09:52.705363
"0,-1,0,-1,1,-1,1,0,0",8,1,1,2014-06-13 01:09:52.705363
"0,1,0,1,-1,1,-1,-1,0",1,1,1,2014-06-13 01:09:52.705363
"-1,-1,0,-1,1,-1,1,1,0",9,1,1,2014-06-13 01:09:52.705363
"0,0,0,0,0,0,0,0,0",5,1,1,2014-06-13 01:10:04.247587
"0,0,0,0,-1,0,0,0,0",2,1,1,2014-06-13 01:10:04.247587
"0,-1,0,0,1,0,0,0,0",3,1,1,2014-06-13 01:10:04.247587
"0,1,-1,0,-1,0,0,0,0",6,1,1,2014-06-13 01:10:04.247587
"0,-1,1,0,1,-1,0,0,0",1,1,1,2014-06-13 01:10:04.247587
"-1,1,-1,0,-1,1,0,0,0",7,1,1,2014-06-13 01:10:04.247587
"1,-1,1,0,1,-1,-1,0,0",4,1,1,2014-06-13 01:10:04.247587
"-1,1,-1,-1,-1,1,1,0,0",8,1,1,2014-06-13 01:10:04.247587
"1,-1,1,1,1,-1,-1,-1,0",9,1,1,2014-06-13 01:10:04.247587
"0,0,0,0,0,0,0,0,0",7,1,1,2014-06-13 01:10:04.247587
"0,0,0,0,0,0,-1,0,0",8,1,1,2014-06-13 01:10:04.247587
"0,0,0,0,0,0,1,-1,0",1,1,1,2014-06-13 01:10:04.247587
"-1,0,0,0,0,0,-1,1,0",5,1,1,2014-06-13 01:10:04.247587
"1,0,0,0,-1,0,1,-1,0",4,1,1,2014-06-13 01:10:04.247587
"0,0,0,0,0,0,0,0,0",4,1,1,2014-06-13 01:10:04.247587
"0,0,0,-1,0,0,0,0,0",5,1,1,2014-06-13 01:10:04.247587
"0,0,0,1,-1,0,0,0,0",3,1,1,2014-06-13 01:10:04.247587
"0,0,-1,-1,1,0,0,0,0",7,1,1,2014-06-13 01:10:04.247587
"0,0,1,1,-1,0,-1,0,0",6,1,1,2014-06-13 01:10:04.247587
"0,0,-1,-1,1,-1,1,0,0",2,1,1,2014-06-13 01:10:04.247587
"0,-1,1,1,-1,1,-1,0,0",1,1,1,2014-06-13 01:10:04.247587
"-1,1,-1,-1,1,-1,1,0,0",9,1,1,2014-06-13 01:10:04.247587
"1,-1,1,1,-1,1,-1,0,-1",8,1,1,2014-06-13 01:10:04.247587
"0,0,0,0,0,0,0,0,0",3,1,1,2014-06-13 01:10:04.247587
"0,0,-1,0,0,0,0,0,0",2,1,1,2014-06-13 01:10:04.247587
"0,-1,1,0,0,0,0,0,0",9,1,1,2014-06-13 01:10:04.247587
"0,1,-1,0,0,0,0,0,-1",5,1,1,2014-06-13 01:10:04.247587
"0,-1,1,0,-1,0,0,0,1",4,1,1,2014-06-13 01:10:04.247587
"0,1,-1,-1,1,0,0,0,-1",1,1,1,2014-06-13 01:10:04.247587
"-1,-1,1,1,-1,0,0,0,1",6,1,1,2014-06-13 01:10:04.247587
"0,0,0,0,0,0,0,0,0",4,1,1,2014-06-13 01:10:04.247587
"0,0,0,-1,0,0,0,0,0",9,1,1,2014-06-13 01:10:04.247587
"0,0,0,1,0,0,0,0,-1",7,1,1,2014-06-13 01:10:04.247587
"0,0,0,-1,0,0,-1,0,1",6,1,1,2014-06-13 01:10:04.247587
"0,0,0,1,0,-1,1,0,-1",2,1,1,2014-06-13 01:10:04.247587
"0,-1,0,-1,0,1,-1,0,1",3,1,1,2014-06-13 01:10:04.247587
"0,0,0,0,0,0,0,0,0",6,1,1,2014-06-13 01:10:04.247587
"0,0,0,0,0,-1,0,0,0",5,1,1,2014-06-13 01:10:04.247587
"0,0,0,0,-1,1,0,0,0",2,1,1,2014-06-13 01:10:04.247587
"0,-1,0,0,1,-1,0,0,0",9,1,1,2014-06-13 01:10:04.247587
"0,1,0,0,-1,1,0,0,-1",8,1,1,2014-06-13 01:10:04.247587
"0,-1,0,0,1,-1,0,-1,1",7,1,1,2014-06-13 01:10:04.247587
"0,1,0,0,-1,1,-1,1,-1",4,1,1,2014-06-13 01:10:04.247587
"0,-1,0,-1,1,-1,1,-1,1",1,1,1,2014-06-13 01:10:04.247587
"0,0,0,0,0,0,0,0,0",4,1,1,2014-06-13 01:10:04.247587
"0,0,0,-1,0,0,0,0,0",3,1,1,2014-06-13 01:10:04.247587
"0,0,-1,1,0,0,0,0,0",1,1,1,2014-06-13 01:10:04.247587
"-1,0,1,-1,0,0,0,0,0",6,1,1,2014-06-13 01:10:04.247587
"1,0,-1,1,0,-1,0,0,0",9,1,1,2014-06-13 01:10:04.247587
"-1,0,1,-1,0,1,0,0,-1",2,1,1,2014-06-13 01:10:04.247587
"1,-1,-1,1,0,-1,0,0,1",5,1,1,2014-06-13 01:10:04.247587
"0,0,0,0,0,0,0,0,0",4,1,1,2014-06-13 01:10:04.247587
"0,0,0,-1,0,0,0,0,0",5,1,1,2014-06-13 01:10:04.247587
"0,0,0,1,-1,0,0,0,0",2,1,1,2014-06-13 01:10:04.247587
"0,-1,0,-1,1,0,0,0,0",7,1,1,2014-06-13 01:10:04.247587
"0,1,0,1,-1,0,-1,0,0",6,1,1,2014-06-13 01:10:04.247587
"0,-1,0,-1,1,-1,1,0,0",8,1,1,2014-06-13 01:10:04.247587
"0,1,0,1,-1,1,-1,-1,0",1,1,1,2014-06-13 01:10:04.247587
"-1,-1,0,-1,1,-1,1,1,0",9,1,1,2014-06-13 01:10:04.247587
"0,0,0,0,0,0,0,0,0",7,1,1,2014-06-13 01:10:04.247587
"0,0,0,0,0,0,-1,0,0",5,1,1,2014-06-13 01:10:04.247587
"0,0,0,0,-1,0,1,0,0",2,1,1,2014-06-13 01:10:04.247587
"0,-1,0,0,1,0,-1,0,0",1,1,1,2014-06-13 01:10:04.247587
"-1,1,0,0,-1,0,1,0,0",3,1,1,2014-06-13 01:10:04.247587
"1,-1,-1,0,1,0,-1,0,0",6,1,1,2014-06-13 01:10:04.247587
"-1,1,1,0,-1,-1,1,0,0",9,1,1,2014-06-13 01:10:04.247587
"1,-1,-1,0,1,1,-1,0,-1",4,1,1,2014-06-13 01:10:04.247587
"0,0,0,0,0,0,0,0,0",5,1,1,2014-06-13 01:10:19.555627
"0,0,0,0,-1,0,0,0,0",2,1,1,2014-06-13 01:10:19.555627
"0,-1,0,0,1,0,0,0,0",3,1,1,2014-06-13 01:10:19.555627
"0,1,-1,0,-1,0,0,0,0",6,1,1,2014-06-13 01:10:19.555627
"0,-1,1,0,1,-1,0,0,0",1,1,1,2014-06-13 01:10:19.555627
"-1,1,-1,0,-1,1,0,0,0",7,1,1,2014-06-13 01:10:19.555627
"1,-1,1,0,1,-1,-1,0,0",4,1,1,2014-06-13 01:10:19.555627
"-1,1,-1,-1,-1,1,1,0,0",8,1,1,2014-06-13 01:10:19.555627
"1,-1,1,1,1,-1,-1,-1,0",9,1,1,2014-06-13 01:10:19.555627
"0,0,0,0,0,0,0,0,0",7,1,1,2014-06-13 01:10:19.555627
"0,0,0,0,0,0,-1,0,0",8,1,1,2014-06-13 01:10:19.555627
"0,0,0,0,0,0,1,-1,0",1,1,1,2014-06-13 01:10:19.555627
"-1,0,0,0,0,0,-1,1,0",5,1,1,2014-06-13 01:10:19.555627
"1,0,0,0,-1,0,1,-1,0",4,1,1,2014-06-13 01:10:19.555627
"0,0,0,0,0,0,0,0,0",4,1,1,2014-06-13 01:10:19.555627
"0,0,0,-1,0,0,0,0,0",5,1,1,2014-06-13 01:10:19.555627
"0,0,0,1,-1,0,0,0,0",3,1,1,2014-06-13 01:10:19.555627
"0,0,-1,-1,1,0,0,0,0",7,1,1,2014-06-13 01:10:19.555627
"0,0,1,1,-1,0,-1,0,0",6,1,1,2014-06-13 01:10:19.555627
"0,0,-1,-1,1,-1,1,0,0",2,1,1,2014-06-13 01:10:19.555627
"0,-1,1,1,-1,1,-1,0,0",1,1,1,2014-06-13 01:10:19.555627
"-1,1,-1,-1,1,-1,1,0,0",9,1,1,2014-06-13 01:10:19.555627
"1,-1,1,1,-1,1,-1,0,-1",8,1,1,2014-06-13 01:10:19.555627
"0,0,0,0,0,0,0,0,0",3,1,1,2014-06-13 01:10:19.555627
"0,0,-1,0,0,0,0,0,0",2,1,1,2014-06-13 01:10:19.555627
"0,-1,1,0,0,0,0,0,0",9,1,1,2014-06-13 01:10:19.555627
"0,1,-1,0,0,0,0,0,-1",5,1,1,2014-06-13 01:10:19.555627
"0,-1,1,0,-1,0,0,0,1",4,1,1,2014-06-13 01:10:19.555627
"0,1,-1,-1,1,0,0,0,-1",1,1,1,2014-06-13 01:10:19.555627
"-1,-1,1,1,-1,0,0,0,1",6,1,1,2014-06-13 01:10:19.555627
"0,0,0,0,0,0,0,0,0",4,1,1,2014-06-13 01:10:19.555627
"0,0,0,-1,0,0,0,0,0",9,1,1,2014-06-13 01:10:19.555627
"0,0,0,1,0,0,0,0,-1",7,1,1,2014-06-13 01:10:19.555627
"0,0,0,-1,0,0,-1,0,1",6,1,1,2014-06-13 01:10:19.555627
"0,0,0,1,0,-1,1,0,-1",2,1,1,2014-06-13 01:10:19.555627
"0,-1,0,-1,0,1,-1,0,1",3,1,1,2014-06-13 01:10:19.555627
"0,0,0,0,0,0,0,0,0",6,1,1,2014-06-13 01:10:19.555627
"0,0,0,0,0,-1,0,0,0",5,1,1,2014-06-13 01:10:19.555627
"0,0,0,0,-1,1,0,0,0",2,1,1,2014-06-13 01:10:19.555627
"0,-1,0,0,1,-1,0,0,0",9,1,1,2014-06-13 01:10:19.555627
"0,1,0,0,-1,1,0,0,-1",8,1,1,2014-06-13 01:10:19.555627
"0,-1,0,0,1,-1,0,-1,1",7,1,1,2014-06-13 01:10:19.555627
"0,1,0,0,-1,1,-1,1,-1",4,1,1,2014-06-13 01:10:19.555627
"0,-1,0,-1,1,-1,1,-1,1",1,1,1,2014-06-13 01:10:19.555627
"0,0,0,0,0,0,0,0,0",4,1,1,2014-06-13 01:10:19.555627
"0,0,0,-1,0,0,0,0,0",3,1,1,2014-06-13 01:10:19.555627
"0,0,-1,1,0,0,0,0,0",1,1,1,2014-06-13 01:10:19.555627
"-1,0,1,-1,0,0,0,0,0",6,1,1,2014-06-13 01:10:19.555627
"1,0,-1,1,0,-1,0,0,0",9,1,1,2014-06-13 01:10:19.555627
"-1,0,1,-1,0,1,0,0,-1",2,1,1,2014-06-13 01:10:19.555627
"1,-1,-1,1,0,-1,0,0,1",5,1,1,2014-06-13 01:10:19.555627
"0,0,0,0,0,0,0,0,0",4,1,1,2014-06-13 01:10:19.555627
"0,0,0,-1,0,0,0,0,0",5,1,1,2014-06-13 01:10:19.555627
"0,0,0,1,-1,0,0,0,0",2,1,1,2014-06-13 01:10:19.555627
"0,-1,0,-1,1,0,0,0,0",7,1,1,2014-06-13 01:10:19.555627
"0,1,0,1,-1,0,-1,0,0",6,1,1,2014-06-13 01:10:19.555627
"0,-1,0,-1,1,-1,1,0,0",8,1,1,2014-06-13 01:10:19.555627
"0,1,0,1,-1,1,-1,-1,0",1,1,1,2014-06-13 01:10:19.555627
"-1,-1,0,-1,1,-1,1,1,0",9,1,1,2014-06-13 01:10:19.555627
"0,0,0,0,0,0,0,0,0",7,1,1,2014-06-13 01:10:19.555627
"0,0,0,0,0,0,-1,0,0",5,1,1,2014-06-13 01:10:19.555627
"0,0,0,0,-1,0,1,0,0",2,1,1,2014-06-13 01:10:19.555627
"0,-1,0,0,1,0,-1,0,0",1,1,1,2014-06-13 01:10:19.555627
"-1,1,0,0,-1,0,1,0,0",3,1,1,2014-06-13 01:10:19.555627
"1,-1,-1,0,1,0,-1,0,0",6,1,1,2014-06-13 01:10:19.555627
"-1,1,1,0,-1,-1,1,0,0",9,1,1,2014-06-13 01:10:19.555627
"1,-1,-1,0,1,1,-1,0,-1",4,1,1,2014-06-13 01:10:19.555627
"0,0,0,0,0,0,0,0,0",1,1,1,2014-06-13 01:10:19.555627
"-1,0,0,0,0,0,0,0,0",6,1,1,2014-06-13 01:10:19.555627
"1,0,0,0,0,-1,0,0,0",8,1,1,2014-06-13 01:10:19.555627
"-1,0,0,0,0,1,0,-1,0",9,1,1,2014-06-13 01:10:19.555627
"1,0,0,0,0,-1,0,1,-1",7,1,1,2014-06-13 01:10:19.555627
"-1,0,0,0,0,1,-1,-1,1",5,1,1,2014-06-13 01:10:19.555627
"1,0,0,0,-1,-1,1,1,-1",3,1,1,2014-06-13 01:10:19.555627
"-1,0,-1,0,1,1,-1,-1,1",2,1,1,2014-06-13 01:10:19.555627
"1,-1,1,0,-1,-1,1,1,-1",4,1,1,2014-06-13 01:10:19.555627
"0,0,0,0,0,0,0,0,0",5,1,0,2014-06-13 01:10:38.602955
"0,0,0,0,-1,0,0,0,0",2,1,0,2014-06-13 01:10:38.602955
"0,-1,0,0,1,0,0,0,0",3,1,0,2014-06-13 01:10:38.602955
"0,1,-1,0,-1,0,0,0,0",6,1,0,2014-06-13 01:10:38.602955
"0,-1,1,0,1,-1,0,0,0",1,1,0,2014-06-13 01:10:38.602955
"-1,1,-1,0,-1,1,0,0,0",7,1,0,2014-06-13 01:10:38.602955
"1,-1,1,0,1,-1,-1,0,0",4,1,0,2014-06-13 01:10:38.602955
"-1,1,-1,-1,-1,1,1,0,0",8,1,0,2014-06-13 01:10:38.602955
"1,-1,1,1,1,-1,-1,-1,0",9,1,0,2014-06-13 01:10:38.602955
"0,0,0,0,0,0,0,0,0",7,1,0,2014-06-13 01:10:38.602955
"0,0,0,0,0,0,-1,0,0",8,1,0,2014-06-13 01:10:38.602955
"0,0,0,0,0,0,1,-1,0",1,1,0,2014-06-13 01:10:38.602955
"-1,0,0,0,0,0,-1,1,0",5,1,0,2014-06-13 01:10:38.602955
"1,0,0,0,-1,0,1,-1,0",4,1,0,2014-06-13 01:10:38.602955
"0,0,0,0,0,0,0,0,0",4,1,0,2014-06-13 01:10:38.602955
"0,0,0,-1,0,0,0,0,0",5,1,0,2014-06-13 01:10:38.602955
"0,0,0,1,-1,0,0,0,0",3,1,0,2014-06-13 01:10:38.602955
"0,0,-1,-1,1,0,0,0,0",7,1,0,2014-06-13 01:10:38.602955
"0,0,1,1,-1,0,-1,0,0",6,1,0,2014-06-13 01:10:38.602955
"0,0,-1,-1,1,-1,1,0,0",2,1,0,2014-06-13 01:10:38.602955
"0,-1,1,1,-1,1,-1,0,0",1,1,0,2014-06-13 01:10:38.602955
"-1,1,-1,-1,1,-1,1,0,0",9,1,0,2014-06-13 01:10:38.602955
"1,-1,1,1,-1,1,-1,0,-1",8,1,0,2014-06-13 01:10:38.602955
"0,0,0,0,0,0,0,0,0",3,1,0,2014-06-13 01:10:38.602955
"0,0,-1,0,0,0,0,0,0",2,1,0,2014-06-13 01:10:38.602955
"0,-1,1,0,0,0,0,0,0",9,1,0,2014-06-13 01:10:38.602955
"0,1,-1,0,0,0,0,0,-1",5,1,0,2014-06-13 01:10:38.602955
"0,-1,1,0,-1,0,0,0,1",4,1,0,2014-06-13 01:10:38.602955
"0,1,-1,-1,1,0,0,0,-1",1,1,0,2014-06-13 01:10:38.602955
"-1,-1,1,1,-1,0,0,0,1",6,1,0,2014-06-13 01:10:38.602955
"0,0,0,0,0,0,0,0,0",4,1,0,2014-06-13 01:10:38.602955
"0,0,0,-1,0,0,0,0,0",9,1,0,2014-06-13 01:10:38.602955
"0,0,0,1,0,0,0,0,-1",7,1,0,2014-06-13 01:10:38.602955
"0,0,0,-1,0,0,-1,0,1",6,1,0,2014-06-13 01:10:38.602955
"0,0,0,1,0,-1,1,0,-1",2,1,0,2014-06-13 01:10:38.602955
"0,-1,0,-1,0,1,-1,0,1",3,1,0,2014-06-13 01:10:38.602955
"0,0,0,0,0,0,0,0,0",6,1,0,2014-06-13 01:10:38.602955
"0,0,0,0,0,-1,0,0,0",5,1,0,2014-06-13 01:10:38.602955
"0,0,0,0,-1,1,0,0,0",2,1,0,2014-06-13 01:10:38.602955
"0,-1,0,0,1,-1,0,0,0",9,1,0,2014-06-13 01:10:38.602955
"0,1,0,0,-1,1,0,0,-1",8,1,0,2014-06-13 01:10:38.602955
"0,-1,0,0,1,-1,0,-1,1",7,1,0,2014-06-13 01:10:38.602955
"0,1,0,0,-1,1,-1,1,-1",4,1,0,2014-06-13 01:10:38.602955
"0,-1,0,-1,1,-1,1,-1,1",1,1,0,2014-06-13 01:10:38.602955
"0,0,0,0,0,0,0,0,0",4,1,0,2014-06-13 01:10:38.602955
"0,0,0,-1,0,0,0,0,0",3,1,0,2014-06-13 01:10:38.602955
"0,0,-1,1,0,0,0,0,0",1,1,0,2014-06-13 01:10:38.602955
"-1,0,1,-1,0,0,0,0,0",6,1,0,2014-06-13 01:10:38.602955
"1,0,-1,1,0,-1,0,0,0",9,1,0,2014-06-13 01:10:38.602955
"-1,0,1,-1,0,1,0,0,-1",2,1,0,2014-06-13 01:10:38.602955
"1,-1,-1,1,0,-1,0,0,1",5,1,0,2014-06-13 01:10:38.602955
"0,0,0,0,0,0,0,0,0",4,1,0,2014-06-13 01:10:38.602955
"0,0,0,-1,0,0,0,0,0",5,1,0,2014-06-13 01:10:38.602955
"0,0,0,1,-1,0,0,0,0",2,1,0,2014-06-13 01:10:38.602955
"0,-1,0,-1,1,0,0,0,0",7,1,0,2014-06-13 01:10:38.602955
"0,1,0,1,-1,0,-1,0,0",6,1,0,2014-06-13 01:10:38.602955
"0,-1,0,-1,1,-1,1,0,0",8,1,0,2014-06-13 01:10:38.602955
"0,1,0,1,-1,1,-1,-1,0",1,1,0,2014-06-13 01:10:38.602955
"-1,-1,0,-1,1,-1,1,1,0",9,1,0,2014-06-13 01:10:38.602955
"0,0,0,0,0,0,0,0,0",7,1,0,2014-06-13 01:10:38.602955
"0,0,0,0,0,0,-1,0,0",5,1,0,2014-06-13 01:10:38.602955
"0,0,0,0,-1,0,1,0,0",2,1,0,2014-06-13 01:10:38.602955
"0,-1,0,0,1,0,-1,0,0",1,1,0,2014-06-13 01:10:38.602955
"-1,1,0,0,-1,0,1,0,0",3,1,0,2014-06-13 01:10:38.602955
"1,-1,-1,0,1,0,-1,0,0",6,1,0,2014-06-13 01:10:38.602955
"-1,1,1,0,-1,-1,1,0,0",9,1,0,2014-06-13 01:10:38.602955
"1,-1,-1,0,1,1,-1,0,-1",4,1,0,2014-06-13 01:10:38.602955
"0,0,0,0,0,0,0,0,0",1,1,0,2014-06-13 01:10:38.602955
"-1,0,0,0,0,0,0,0,0",6,1,0,2014-06-13 01:10:38.602955
"1,0,0,0,0,-1,0,0,0",8,1,0,2014-06-13 01:10:38.602955
"-1,0,0,0,0,1,0,-1,0",9,1,0,2014-06-13 01:10:38.602955
"1,0,0,0,0,-1,0,1,-1",7,1,0,2014-06-13 01:10:38.602955
"-1,0,0,0,0,1,-1,-1,1",5,1,0,2014-06-13 01:10:38.602955
"1,0,0,0,-1,-1,1,1,-1",3,1,0,2014-06-13 01:10:38.602955
"-1,0,-1,0,1,1,-1,-1,1",2,1,0,2014-06-13 01:10:38.602955
"1,-1,1,0,-1,-1,1,1,-1",4,1,0,2014-06-13 01:10:38.602955
"0,0,0,0,0,0,0,0,0",1,1,0,2014-06-13 01:10:38.602955
"-1,0,0,0,0,0,0,0,0",2,1,0,2014-06-13 01:10:38.602955
"1,-1,0,0,0,0,0,0,0",3,1,0,2014-06-13 01:10:38.602955
"-1,1,-1,0,0,0,0,0,0",9,1,0,2014-06-13 01:10:38.602955
"1,-1,1,0,0,0,0,0,-1",8,1,0,2014-06-13 01:10:38.602955
"-1,1,-1,0,0,0,0,-1,1",7,1,0,2014-06-13 01:10:38.602955
"1,-1,1,0,0,0,-1,1,-1",5,1,0,2014-06-13 01:10:38.602955
"-1,1,-1,0,-1,0,1,-1,1",4,1,0,2014-06-13 01:10:38.602955
"1,-1,1,-1,1,0,-1,1,-1",6,1,0,2014-06-13 01:10:38.602955
"0,0,0,0,0,0,0,0,0",5,1,1,2014-06-13 01:10:54.761018
"0,0,0,0,-1,0,0,0,0",2,1,1,2014-06-13 01:10:54.761018
"0,-1,0,0,1,0,0,0,0",3,1,1,2014-06-13 01:10:54.761018
"0,1,-1,0,-1,0,0,0,0",6,1,1,2014-06-13 01:10:54.761018
"0,-1,1,0,1,-1,0,0,0",1,1,1,2014-06-13 01:10:54.761018
"-1,1,-1,0,-1,1,0,0,0",7,1,1,2014-06-13 01:10:54.761018
"1,-1,1,0,1,-1,-1,0,0",4,1,1,2014-06-13 01:10:54.761018
"-1,1,-1,-1,-1,1,1,0,0",8,1,1,2014-06-13 01:10:54.761018
"1,-1,1,1,1,-1,-1,-1,0",9,1,1,2014-06-13 01:10:54.761018
"0,0,0,0,0,0,0,0,0",7,1,1,2014-06-13 01:10:54.761018
"0,0,0,0,0,0,-1,0,0",8,1,1,2014-06-13 01:10:54.761018
"0,0,0,0,0,0,1,-1,0",1,1,1,2014-06-13 01:10:54.761018
"-1,0,0,0,0,0,-1,1,0",5,1,1,2014-06-13 01:10:54.761018
"1,0,0,0,-1,0,1,-1,0",4,1,1,2014-06-13 01:10:54.761018
"0,0,0,0,0,0,0,0,0",4,1,1,2014-06-13 01:10:54.761018
"0,0,0,-1,0,0,0,0,0",5,1,1,2014-06-13 01:10:54.761018
"0,0,0,1,-1,0,0,0,0",3,1,1,2014-06-13 01:10:54.761018
"0,0,-1,-1,1,0,0,0,0",7,1,1,2014-06-13 01:10:54.761018
"0,0,1,1,-1,0,-1,0,0",6,1,1,2014-06-13 01:10:54.761018
"0,0,-1,-1,1,-1,1,0,0",2,1,1,2014-06-13 01:10:54.761018
"0,-1,1,1,-1,1,-1,0,0",1,1,1,2014-06-13 01:10:54.761018
"-1,1,-1,-1,1,-1,1,0,0",9,1,1,2014-06-13 01:10:54.761018
"1,-1,1,1,-1,1,-1,0,-1",8,1,1,2014-06-13 01:10:54.761018
"0,0,0,0,0,0,0,0,0",3,1,1,2014-06-13 01:10:54.761018
"0,0,-1,0,0,0,0,0,0",2,1,1,2014-06-13 01:10:54.761018
"0,-1,1,0,0,0,0,0,0",9,1,1,2014-06-13 01:10:54.761018
"0,1,-1,0,0,0,0,0,-1",5,1,1,2014-06-13 01:10:54.761018
"0,-1,1,0,-1,0,0,0,1",4,1,1,2014-06-13 01:10:54.761018
"0,1,-1,-1,1,0,0,0,-1",1,1,1,2014-06-13 01:10:54.761018
"-1,-1,1,1,-1,0,0,0,1",6,1,1,2014-06-13 01:10:54.761018
"0,0,0,0,0,0,0,0,0",4,1,1,2014-06-13 01:10:54.761018
"0,0,0,-1,0,0,0,0,0",9,1,1,2014-06-13 01:10:54.761018
"0,0,0,1,0,0,0,0,-1",7,1,1,2014-06-13 01:10:54.761018
"0,0,0,-1,0,0,-1,0,1",6,1,1,2014-06-13 01:10:54.761018
"0,0,0,1,0,-1,1,0,-1",2,1,1,2014-06-13 01:10:54.761018
"0,-1,0,-1,0,1,-1,0,1",3,1,1,2014-06-13 01:10:54.761018
"0,0,0,0,0,0,0,0,0",6,1,1,2014-06-13 01:10:54.761018
"0,0,0,0,0,-1,0,0,0",5,1,1,2014-06-13 01:10:54.761018
"0,0,0,0,-1,1,0,0,0",2,1,1,2014-06-13 01:10:54.761018
"0,-1,0,0,1,-1,0,0,0",9,1,1,2014-06-13 01:10:54.761018
"0,1,0,0,-1,1,0,0,-1",8,1,1,2014-06-13 01:10:54.761018
"0,-1,0,0,1,-1,0,-1,1",7,1,1,2014-06-13 01:10:54.761018
"0,1,0,0,-1,1,-1,1,-1",4,1,1,2014-06-13 01:10:54.761018
"0,-1,0,-1,1,-1,1,-1,1",1,1,1,2014-06-13 01:10:54.761018
"0,0,0,0,0,0,0,0,0",4,1,1,2014-06-13 01:10:54.761018
"0,0,0,-1,0,0,0,0,0",3,1,1,2014-06-13 01:10:54.761018
"0,0,-1,1,0,0,0,0,0",1,1,1,2014-06-13 01:10:54.761018
"-1,0,1,-1,0,0,0,0,0",6,1,1,2014-06-13 01:10:54.761018
"1,0,-1,1,0,-1,0,0,0",9,1,1,2014-06-13 01:10:54.761018
"-1,0,1,-1,0,1,0,0,-1",2,1,1,2014-06-13 01:10:54.761018
"1,-1,-1,1,0,-1,0,0,1",5,1,1,2014-06-13 01:10:54.761018
"0,0,0,0,0,0,0,0,0",4,1,1,2014-06-13 01:10:54.761018
"0,0,0,-1,0,0,0,0,0",5,1,1,2014-06-13 01:10:54.761018
"0,0,0,1,-1,0,0,0,0",2,1,1,2014-06-13 01:10:54.761018
"0,-1,0,-1,1,0,0,0,0",7,1,1,2014-06-13 01:10:54.761018
"0,1,0,1,-1,0,-1,0,0",6,1,1,2014-06-13 01:10:54.761018
"0,-1,0,-1,1,-1,1,0,0",8,1,1,2014-06-13 01:10:54.761018
"0,1,0,1,-1,1,-1,-1,0",1,1,1,2014-06-13 01:10:54.761018
"-1,-1,0,-1,1,-1,1,1,0",9,1,1,2014-06-13 01:10:54.761018
"0,0,0,0,0,0,0,0,0",7,1,1,2014-06-13 01:10:54.761018
"0,0,0,0,0,0,-1,0,0",5,1,1,2014-06-13 01:10:54.761018
"0,0,0,0,-1,0,1,0,0",2,1,1,2014-06-13 01:10:54.761018
"0,-1,0,0,1,0,-1,0,0",1,1,1,2014-06-13 01:10:54.761018
"-1,1,0,0,-1,0,1,0,0",3,1,1,2014-06-13 01:10:54.761018
"1,-1,-1,0,1,0,-1,0,0",6,1,1,2014-06-13 01:10:54.761018
"-1,1,1,0,-1,-1,1,0,0",9,1,1,2014-06-13 01:10:54.761018
"1,-1,-1,0,1,1,-1,0,-1",4,1,1,2014-06-13 01:10:54.761018
"0,0,0,0,0,0,0,0,0",1,1,1,2014-06-13 01:10:54.761018
"-1,0,0,0,0,0,0,0,0",6,1,1,2014-06-13 01:10:54.761018
"1,0,0,0,0,-1,0,0,0",8,1,1,2014-06-13 01:10:54.761018
"-1,0,0,0,0,1,0,-1,0",9,1,1,2014-06-13 01:10:54.761018
"1,0,0,0,0,-1,0,1,-1",7,1,1,2014-06-13 01:10:54.761018
"-1,0,0,0,0,1,-1,-1,1",5,1,1,2014-06-13 01:10:54.761018
"1,0,0,0,-1,-1,1,1,-1",3,1,1,2014-06-13 01:10:54.761018
"-1,0,-1,0,1,1,-1,-1,1",2,1,1,2014-06-13 01:10:54.761018
"1,-1,1,0,-1,-1,1,1,-1",4,1,1,2014-06-13 01:10:54.761018
"0,0,0,0,0,0,0,0,0",1,1,1,2014-06-13 01:10:54.761018
"-1,0,0,0,0,0,0,0,0",2,1,1,2014-06-13 01:10:54.761018
"1,-1,0,0,0,0,0,0,0",3,1,1,2014-06-13 01:10:54.761018
"-1,1,-1,0,0,0,0,0,0",9,1,1,2014-06-13 01:10:54.761018
"1,-1,1,0,0,0,0,0,-1",8,1,1,2014-06-13 01:10:54.761018
"-1,1,-1,0,0,0,0,-1,1",7,1,1,2014-06-13 01:10:54.761018
"1,-1,1,0,0,0,-1,1,-1",5,1,1,2014-06-13 01:10:54.761018
"-1,1,-1,0,-1,0,1,-1,1",4,1,1,2014-06-13 01:10:54.761018
"1,-1,1,-1,1,0,-1,1,-1",6,1,1,2014-06-13 01:10:54.761018
"0,0,0,0,0,0,0,0,0",4,1,1,2014-06-13 01:10:54.761018
"0,0,0,-1,0,0,0,0,0",5,1,1,2014-06-13 01:10:54.761018
"0,0,0,1,-1,0,0,0,0",1,1,1,2014-06-13 01:10:54.761018
"-1,0,0,-1,1,0,0,0,0",9,1,1,2014-06-13 01:10:54.761018
"1,0,0,1,-1,0,0,0,-1",2,1,1,2014-06-13 01:10:54.761018
"-1,-1,0,-1,1,0,0,0,1",3,1,1,2014-06-13 01:10:54.761018
"1,1,-1,1,-1,0,0,0,-1",7,1,1,2014-06-13 01:10:54.761018
"0,0,0,0,0,0,0,0,0",5,1,1,2014-06-13 01:11:11.809221
"0,0,0,0,-1,0,0,0,0",2,1,1,2014-06-13 01:11:11.809221
"0,-1,0,0,1,0,0,0,0",3,1,1,2014-06-13 01:11:11.809221
"0,1,-1,0,-1,0,0,0,0",6,1,1,2014-06-13 01:11:11.809221
"0,-1,1,0,1,-1,0,0,0",1,1,1,2014-06-13 01:11:11.809221
"-1,1,-1,0,-1,1,0,0,0",7,1,1,2014-06-13 01:11:11.809221
"1,-1,1,0,1,-1,-1,0,0",4,1,1,2014-06-13 01:11:11.809221
"-1,1,-1,-1,-1,1,1,0,0",8,1,1,2014-06-13 01:11:11.809221
"1,-1,1,1,1,-1,-1,-1,0",9,1,1,2014-06-13 01:11:11.809221
"0,0,0,0,0,0,0,0,0",7,1,1,2014-06-13 01:11:11.809221
"0,0,0,0,0,0,-1,0,0",8,1,1,2014-06-13 01:11:11.809221
"0,0,0,0,0,0,1,-1,0",1,1,1,2014-06-13 01:11:11.809221
"-1,0,0,0,0,0,-1,1,0",5,1,1,2014-06-13 01:11:11.809221
"1,0,0,0,-1,0,1,-1,0",4,1,1,2014-06-13 01:11:11.809221
"0,0,0,0,0,0,0,0,0",4,1,1,2014-06-13 01:11:11.809221
"0,0,0,-1,0,0,0,0,0",5,1,1,2014-06-13 01:11:11.809221
"0,0,0,1,-1,0,0,0,0",3,1,1,2014-06-13 01:11:11.809221
"0,0,-1,-1,1,0,0,0,0",7,1,1,2014-06-13 01:11:11.809221
"0,0,1,1,-1,0,-1,0,0",6,1,1,2014-06-13 01:11:11.809221
"0,0,-1,-1,1,-1,1,0,0",2,1,1,2014-06-13 01:11:11.809221
"0,-1,1,1,-1,1,-1,0,0",1,1,1,2014-06-13 01:11:11.809221
"-1,1,-1,-1,1,-1,1,0,0",9,1,1,2014-06-13 01:11:11.809221
"1,-1,1,1,-1,1,-1,0,-1",8,1,1,2014-06-13 01:11:11.809221
"0,0,0,0,0,0,0,0,0",3,1,1,2014-06-13 01:11:11.809221
"0,0,-1,0,0,0,0,0,0",2,1,1,2014-06-13 01:11:11.809221
"0,-1,1,0,0,0,0,0,0",9,1,1,2014-06-13 01:11:11.809221
"0,1,-1,0,0,0,0,0,-1",5,1,1,2014-06-13 01:11:11.809221
"0,-1,1,0,-1,0,0,0,1",4,1,1,2014-06-13 01:11:11.809221
"0,1,-1,-1,1,0,0,0,-1",1,1,1,2014-06-13 01:11:11.809221
"-1,-1,1,1,-1,0,0,0,1",6,1,1,2014-06-13 01:11:11.809221
"0,0,0,0,0,0,0,0,0",4,1,1,2014-06-13 01:11:11.809221
"0,0,0,-1,0,0,0,0,0",9,1,1,2014-06-13 01:11:11.809221
"0,0,0,1,0,0,0,0,-1",7,1,1,2014-06-13 01:11:11.809221
"0,0,0,-1,0,0,-1,0,1",6,1,1,2014-06-13 01:11:11.809221
"0,0,0,1,0,-1,1,0,-1",2,1,1,2014-06-13 01:11:11.809221
"0,-1,0,-1,0,1,-1,0,1",3,1,1,2014-06-13 01:11:11.809221
"0,0,0,0,0,0,0,0,0",6,1,1,2014-06-13 01:11:11.809221
"0,0,0,0,0,-1,0,0,0",5,1,1,2014-06-13 01:11:11.809221
"0,0,0,0,-1,1,0,0,0",2,1,1,2014-06-13 01:11:11.809221
"0,-1,0,0,1,-1,0,0,0",9,1,1,2014-06-13 01:11:11.809221
"0,1,0,0,-1,1,0,0,-1",8,1,1,2014-06-13 01:11:11.809221
"0,-1,0,0,1,-1,0,-1,1",7,1,1,2014-06-13 01:11:11.809221
"0,1,0,0,-1,1,-1,1,-1",4,1,1,2014-06-13 01:11:11.809221
"0,-1,0,-1,1,-1,1,-1,1",1,1,1,2014-06-13 01:11:11.809221
"0,0,0,0,0,0,0,0,0",4,1,1,2014-06-13 01:11:11.809221
"0,0,0,-1,0,0,0,0,0",3,1,1,2014-06-13 01:11:11.809221
"0,0,-1,1,0,0,0,0,0",1,1,1,2014-06-13 01:11:11.809221
"-1,0,1,-1,0,0,0,0,0",6,1,1,2014-06-13 01:11:11.809221
"1,0,-1,1,0,-1,0,0,0",9,1,1,2014-06-13 01:11:11.809221
"-1,0,1,-1,0,1,0,0,-1",2,1,1,2014-06-13 01:11:11.809221
"1,-1,-1,1,0,-1,0,0,1",5,1,1,2014-06-13 01:11:11.809221
"0,0,0,0,0,0,0,0,0",4,1,1,2014-06-13 01:11:11.809221
"0,0,0,-1,0,0,0,0,0",5,1,1,2014-06-13 01:11:11.809221
"0,0,0,1,-1,0,0,0,0",2,1,1,2014-06-13 01:11:11.809221
"0,-1,0,-1,1,0,0,0,0",7,1,1,2014-06-13 01:11:11.809221
"0,1,0,1,-1,0,-1,0,0",6,1,1,2014-06-13 01:11:11.809221
"0,-1,0,-1,1,-1,1,0,0",8,1,1,2014-06-13 01:11:11.809221
"0,1,0,1,-1,1,-1,-1,0",1,1,1,2014-06-13 01:11:11.809221
"-1,-1,0,-1,1,-1,1,1,0",9,1,1,2014-06-13 01:11:11.809221
"0,0,0,0,0,0,0,0,0",7,1,1,2014-06-13 01:11:11.809221
"0,0,0,0,0,0,-1,0,0",5,1,1,2014-06-13 01:11:11.809221
"0,0,0,0,-1,0,1,0,0",2,1,1,2014-06-13 01:11:11.809221
"0,-1,0,0,1,0,-1,0,0",1,1,1,2014-06-13 01:11:11.809221
"-1,1,0,0,-1,0,1,0,0",3,1,1,2014-06-13 01:11:11.809221
"1,-1,-1,0,1,0,-1,0,0",6,1,1,2014-06-13 01:11:11.809221
"-1,1,1,0,-1,-1,1,0,0",9,1,1,2014-06-13 01:11:11.809221
"1,-1,-1,0,1,1,-1,0,-1",4,1,1,2014-06-13 01:11:11.809221
"0,0,0,0,0,0,0,0,0",1,1,1,2014-06-13 01:11:11.809221
"-1,0,0,0,0,0,0,0,0",6,1,1,2014-06-13 01:11:11.809221
"1,0,0,0,0,-1,0,0,0",8,1,1,2014-06-13 01:11:11.809221
"-1,0,0,0,0,1,0,-1,0",9,1,1,2014-06-13 01:11:11.809221
"1,0,0,0,0,-1,0,1,-1",7,1,1,2014-06-13 01:11:11.809221
"-1,0,0,0,0,1,-1,-1,1",5,1,1,2014-06-13 01:11:11.809221
"1,0,0,0,-1,-1,1,1,-1",3,1,1,2014-06-13 01:11:11.809221
"-1,0,-1,0,1,1,-1,-1,1",2,1,1,2014-06-13 01:11:11.809221
"1,-1,1,0,-1,-1,1,1,-1",4,1,1,2014-06-13 01:11:11.809221
"0,0,0,0,0,0,0,0,0",1,1,1,2014-06-13 01:11:11.809221
"-1,0,0,0,0,0,0,0,0",2,1,1,2014-06-13 01:11:11.809221
"1,-1,0,0,0,0,0,0,0",3,1,1,2014-06-13 01:11:11.809221
"-1,1,-1,0,0,0,0,0,0",9,1,1,2014-06-13 01:11:11.809221
"1,-1,1,0,0,0,0,0,-1",8,1,1,2014-06-13 01:11:11.809221
"-1,1,-1,0,0,0,0,-1,1",7,1,1,2014-06-13 01:11:11.809221
"1,-1,1,0,0,0,-1,1,-1",5,1,1,2014-06-13 01:11:11.809221
"-1,1,-1,0,-1,0,1,-1,1",4,1,1,2014-06-13 01:11:11.809221
"1,-1,1,-1,1,0,-1,1,-1",6,1,1,2014-06-13 01:11:11.809221
"0,0,0,0,0,0,0,0,0",4,1,1,2014-06-13 01:11:11.809221
"0,0,0,-1,0,0,0,0,0",5,1,1,2014-06-13 01:11:11.809221
"0,0,0,1,-1,0,0,0,0",1,1,1,2014-06-13 01:11:11.809221
"-1,0,0,-1,1,0,0,0,0",9,1,1,2014-06-13 01:11:11.809221
"1,0,0,1,-1,0,0,0,-1",2,1,1,2014-06-13 01:11:11.809221
"-1,-1,0,-1,1,0,0,0,1",3,1,1,2014-06-13 01:11:11.809221
"1,1,-1,1,-1,0,0,0,-1",7,1,1,2014-06-13 01:11:11.809221
"0,0,0,0,0,0,0,0,0",5,1,1,2014-06-13 01:11:11.809221
"0,0,0,0,-1,0,0,0,0",4,1,1,2014-06-13 01:11:11.809221
"0,0,0,-1,1,0,0,0,0",3,1,1,2014-06-13 01:11:11.809221
"0,0,-1,1,-1,0,0,0,0",8,1,1,2014-06-13 01:11:11.809221
"0,0,1,-1,1,0,0,-1,0",1,1,1,2014-06-13 01:11:11.809221
"-1,0,-1,1,-1,0,0,1,0",7,1,1,2014-06-13 01:11:11.809221
"1,0,1,-1,1,0,-1,-1,0",9,1,1,2014-06-13 01:11:11.809221
"0,0,0,0,0,0,0,0,0",5,1,1,2014-06-13 01:11:35.192216
"0,0,0,0,-1,0,0,0,0",2,1,1,2014-06-13 01:11:35.192216
"0,-1,0,0,1,0,0,0,0",3,1,1,2014-06-13 01:11:35.192216
"0,1,-1,0,-1,0,0,0,0",6,1,1,2014-06-13 01:11:35.192216
"0,-1,1,0,1,-1,0,0,0",1,1,1,2014-06-13 01:11:35.192216
"-1,1,-1,0,-1,1,0,0,0",7,1,1,2014-06-13 01:11:35.192216
"1,-1,1,0,1,-1,-1,0,0",4,1,1,2014-06-13 01:11:35.192216
"-1,1,-1,-1,-1,1,1,0,0",8,1,1,2014-06-13 01:11:35.192216
"1,-1,1,1,1,-1,-1,-1,0",9,1,1,2014-06-13 01:11:35.192216
"0,0,0,0,0,0,0,0,0",7,1,1,2014-06-13 01:11:35.192216
"0,0,0,0,0,0,-1,0,0",8,1,1,2014-06-13 01:11:35.192216
"0,0,0,0,0,0,1,-1,0",1,1,1,2014-06-13 01:11:35.192216
"-1,0,0,0,0,0,-1,1,0",5,1,1,2014-06-13 01:11:35.192216
"1,0,0,0,-1,0,1,-1,0",4,1,1,2014-06-13 01:11:35.192216
"0,0,0,0,0,0,0,0,0",4,1,1,2014-06-13 01:11:35.192216
"0,0,0,-1,0,0,0,0,0",5,1,1,2014-06-13 01:11:35.192216
"0,0,0,1,-1,0,0,0,0",3,1,1,2014-06-13 01:11:35.192216
"0,0,-1,-1,1,0,0,0,0",7,1,1,2014-06-13 01:11:35.192216
"0,0,1,1,-1,0,-1,0,0",6,1,1,2014-06-13 01:11:35.192216
"0,0,-1,-1,1,-1,1,0,0",2,1,1,2014-06-13 01:11:35.192216
"0,-1,1,1,-1,1,-1,0,0",1,1,1,2014-06-13 01:11:35.192216
"-1,1,-1,-1,1,-1,1,0,0",9,1,1,2014-06-13 01:11:35.192216
"1,-1,1,1,-1,1,-1,0,-1",8,1,1,2014-06-13 01:11:35.192216
"0,0,0,0,0,0,0,0,0",3,1,1,2014-06-13 01:11:35.192216
"0,0,-1,0,0,0,0,0,0",2,1,1,2014-06-13 01:11:35.192216
"0,-1,1,0,0,0,0,0,0",9,1,1,2014-06-13 01:11:35.192216
"0,1,-1,0,0,0,0,0,-1",5,1,1,2014-06-13 01:11:35.192216
"0,-1,1,0,-1,0,0,0,1",4,1,1,2014-06-13 01:11:35.192216
"0,1,-1,-1,1,0,0,0,-1",1,1,1,2014-06-13 01:11:35.192216
"-1,-1,1,1,-1,0,0,0,1",6,1,1,2014-06-13 01:11:35.192216
"0,0,0,0,0,0,0,0,0",4,1,1,2014-06-13 01:11:35.192216
"0,0,0,-1,0,0,0,0,0",9,1,1,2014-06-13 01:11:35.192216
"0,0,0,1,0,0,0,0,-1",7,1,1,2014-06-13 01:11:35.192216
"0,0,0,-1,0,0,-1,0,1",6,1,1,2014-06-13 01:11:35.192216
"0,0,0,1,0,-1,1,0,-1",2,1,1,2014-06-13 01:11:35.192216
"0,-1,0,-1,0,1,-1,0,1",3,1,1,2014-06-13 01:11:35.192216
"0,0,0,0,0,0,0,0,0",6,1,1,2014-06-13 01:11:35.192216
"0,0,0,0,0,-1,0,0,0",5,1,1,2014-06-13 01:11:35.192216
"0,0,0,0,-1,1,0,0,0",2,1,1,2014-06-13 01:11:35.192216
"0,-1,0,0,1,-1,0,0,0",9,1,1,2014-06-13 01:11:35.192216
"0,1,0,0,-1,1,0,0,-1",8,1,1,2014-06-13 01:11:35.192216
"0,-1,0,0,1,-1,0,-1,1",7,1,1,2014-06-13 01:11:35.192216
"0,1,0,0,-1,1,-1,1,-1",4,1,1,2014-06-13 01:11:35.192216
"0,-1,0,-1,1,-1,1,-1,1",1,1,1,2014-06-13 01:11:35.192216
"0,0,0,0,0,0,0,0,0",4,1,1,2014-06-13 01:11:35.192216
"0,0,0,-1,0,0,0,0,0",3,1,1,2014-06-13 01:11:35.192216
"0,0,-1,1,0,0,0,0,0",1,1,1,2014-06-13 01:11:35.192216
"-1,0,1,-1,0,0,0,0,0",6,1,1,2014-06-13 01:11:35.192216
"1,0,-1,1,0,-1,0,0,0",9,1,1,2014-06-13 01:11:35.192216
"-1,0,1,-1,0,1,0,0,-1",2,1,1,2014-06-13 01:11:35.192216
"1,-1,-1,1,0,-1,0,0,1",5,1,1,2014-06-13 01:11:35.192216
"0,0,0,0,0,0,0,0,0",4,1,1,2014-06-13 01:11:35.192216
"0,0,0,-1,0,0,0,0,0",5,1,1,2014-06-13 01:11:35.192216
"0,0,0,1,-1,0,0,0,0",2,1,1,2014-06-13 01:11:35.192216
"0,-1,0,-1,1,0,0,0,0",7,1,1,2014-06-13 01:11:35.192216
"0,1,0,1,-1,0,-1,0,0",6,1,1,2014-06-13 01:11:35.192216
"0,-1,0,-1,1,-1,1,0,0",8,1,1,2014-06-13 01:11:35.192216
"0,1,0,1,-1,1,-1,-1,0",1,1,1,2014-06-13 01:11:35.192216
"-1,-1,0,-1,1,-1,1,1,0",9,1,1,2014-06-13 01:11:35.192216
"0,0,0,0,0,0,0,0,0",7,1,1,2014-06-13 01:11:35.192216
"0,0,0,0,0,0,-1,0,0",5,1,1,2014-06-13 01:11:35.192216
"0,0,0,0,-1,0,1,0,0",2,1,1,2014-06-13 01:11:35.192216
"0,-1,0,0,1,0,-1,0,0",1,1,1,2014-06-13 01:11:35.192216
"-1,1,0,0,-1,0,1,0,0",3,1,1,2014-06-13 01:11:35.192216
"1,-1,-1,0,1,0,-1,0,0",6,1,1,2014-06-13 01:11:35.192216
"-1,1,1,0,-1,-1,1,0,0",9,1,1,2014-06-13 01:11:35.192216
"1,-1,-1,0,1,1,-1,0,-1",4,1,1,2014-06-13 01:11:35.192216
"0,0,0,0,0,0,0,0,0",1,1,1,2014-06-13 01:11:35.192216
"-1,0,0,0,0,0,0,0,0",6,1,1,2014-06-13 01:11:35.192216
"1,0,0,0,0,-1,0,0,0",8,1,1,2014-06-13 01:11:35.192216
"-1,0,0,0,0,1,0,-1,0",9,1,1,2014-06-13 01:11:35.192216
"1,0,0,0,0,-1,0,1,-1",7,1,1,2014-06-13 01:11:35.192216
"-1,0,0,0,0,1,-1,-1,1",5,1,1,2014-06-13 01:11:35.192216
"1,0,0,0,-1,-1,1,1,-1",3,1,1,2014-06-13 01:11:35.192216
"-1,0,-1,0,1,1,-1,-1,1",2,1,1,2014-06-13 01:11:35.192216
"1,-1,1,0,-1,-1,1,1,-1",4,1,1,2014-06-13 01:11:35.192216
"0,0,0,0,0,0,0,0,0",1,1,1,2014-06-13 01:11:35.192216
"-1,0,0,0,0,0,0,0,0",2,1,1,2014-06-13 01:11:35.192216
"1,-1,0,0,0,0,0,0,0",3,1,1,2014-06-13 01:11:35.192216
"-1,1,-1,0,0,0,0,0,0",9,1,1,2014-06-13 01:11:35.192216
"1,-1,1,0,0,0,0,0,-1",8,1,1,2014-06-13 01:11:35.192216
"-1,1,-1,0,0,0,0,-1,1",7,1,1,2014-06-13 01:11:35.192216
"1,-1,1,0,0,0,-1,1,-1",5,1,1,2014-06-13 01:11:35.192216
"-1,1,-1,0,-1,0,1,-1,1",4,1,1,2014-06-13 01:11:35.192216
"1,-1,1,-1,1,0,-1,1,-1",6,1,1,2014-06-13 01:11:35.192216
"0,0,0,0,0,0,0,0,0",4,1,1,2014-06-13 01:11:35.192216
"0,0,0,-1,0,0,0,0,0",5,1,1,2014-06-13 01:11:35.192216
"0,0,0,1,-1,0,0,0,0",1,1,1,2014-06-13 01:11:35.192216
"-1,0,0,-1,1,0,0,0,0",9,1,1,2014-06-13 01:11:35.192216
"1,0,0,1,-1,0,0,0,-1",2,1,1,2014-06-13 01:11:35.192216
"-1,-1,0,-1,1,0,0,0,1",3,1,1,2014-06-13 01:11:35.192216
"1,1,-1,1,-1,0,0,0,-1",7,1,1,2014-06-13 01:11:35.192216
"0,0,0,0,0,0,0,0,0",5,1,1,2014-06-13 01:11:35.192216
"0,0,0,0,-1,0,0,0,0",4,1,1,2014-06-13 01:11:35.192216
"0,0,0,-1,1,0,0,0,0",3,1,1,2014-06-13 01:11:35.192216
"0,0,-1,1,-1,0,0,0,0",8,1,1,2014-06-13 01:11:35.192216
"0,0,1,-1,1,0,0,-1,0",1,1,1,2014-06-13 01:11:35.192216
"-1,0,-1,1,-1,0,0,1,0",7,1,1,2014-06-13 01:11:35.192216
"1,0,1,-1,1,0,-1,-1,0",9,1,1,2014-06-13 01:11:35.192216
"0,0,0,0,0,0,0,0,0",4,1,1,2014-06-13 01:11:35.192216
"0,0,0,-1,0,0,0,0,0",7,1,1,2014-06-13 01:11:35.192216
"0,0,0,1,0,0,-1,0,0",6,1,1,2014-06-13 01:11:35.192216
"0,0,0,-1,0,-1,1,0,0",1,1,1,2014-06-13 01:11:35.192216
"-1,0,0,1,0,1,-1,0,0",3,1,1,2014-06-13 01:11:35.192216
"1,0,-1,-1,0,-1,1,0,0",9,1,1,2014-06-13 01:11:35.192216
"-1,0,1,1,0,1,-1,0,-1",2,1,1,2014-06-13 01:11:35.192216
"1,-1,-1,-1,0,-1,1,0,1",5,1,1,2014-06-13 01:11:35.192216
"0,0,0,0,0,0,0,0,0",5,1,1,2014-06-13 01:11:55.805000
"0,0,0,0,-1,0,0,0,0",2,1,1,2014-06-13 01:11:55.805000
"0,-1,0,0,1,0,0,0,0",3,1,1,2014-06-13 01:11:55.805000
"0,1,-1,0,-1,0,0,0,0",6,1,1,2014-06-13 01:11:55.805000
"0,-1,1,0,1,-1,0,0,0",1,1,1,2014-06-13 01:11:55.805000
"-1,1,-1,0,-1,1,0,0,0",7,1,1,2014-06-13 01:11:55.805000
"1,-1,1,0,1,-1,-1,0,0",4,1,1,2014-06-13 01:11:55.805000
"-1,1,-1,-1,-1,1,1,0,0",8,1,1,2014-06-13 01:11:55.805000
"1,-1,1,1,1,-1,-1,-1,0",9,1,1,2014-06-13 01:11:55.805000
"0,0,0,0,0,0,0,0,0",7,1,1,2014-06-13 01:11:55.805000
"0,0,0,0,0,0,-1,0,0",8,1,1,2014-06-13 01:11:55.805000
"0,0,0,0,0,0,1,-1,0",1,1,1,2014-06-13 01:11:55.805000
"-1,0,0,0,0,0,-1,1,0",5,1,1,2014-06-13 01:11:55.805000
"1,0,0,0,-1,0,1,-1,0",4,1,1,2014-06-13 01:11:55.805000
"0,0,0,0,0,0,0,0,0",4,1,1,2014-06-13 01:11:55.805000
"0,0,0,-1,0,0,0,0,0",5,1,1,2014-06-13 01:11:55.805000
"0,0,0,1,-1,0,0,0,0",3,1,1,2014-06-13 01:11:55.805000
"0,0,-1,-1,1,0,0,0,0",7,1,1,2014-06-13 01:11:55.805000
"0,0,1,1,-1,0,-1,0,0",6,1,1,2014-06-13 01:11:55.805000
"0,0,-1,-1,1,-1,1,0,0",2,1,1,2014-06-13 01:11:55.805000
"0,-1,1,1,-1,1,-1,0,0",1,1,1,2014-06-13 01:11:55.805000
"-1,1,-1,-1,1,-1,1,0,0",9,1,1,2014-06-13 01:11:55.805000
"1,-1,1,1,-1,1,-1,0,-1",8,1,1,2014-06-13 01:11:55.805000
"0,0,0,0,0,0,0,0,0",3,1,1,2014-06-13 01:11:55.805000
"0,0,-1,0,0,0,0,0,0",2,1,1,2014-06-13 01:11:55.805000
"0,-1,1,0,0,0,0,0,0",9,1,1,2014-06-13 01:11:55.805000
"0,1,-1,0,0,0,0,0,-1",5,1,1,2014-06-13 01:11:55.805000
"0,-1,1,0,-1,0,0,0,1",4,1,1,2014-06-13 01:11:55.805000
"0,1,-1,-1,1,0,0,0,-1",1,1,1,2014-06-13 01:11:55.805000
"-1,-1,1,1,-1,0,0,0,1",6,1,1,2014-06-13 01:11:55.805000
"0,0,0,0,0,0,0,0,0",4,1,1,2014-06-13 01:11:55.805000
"0,0,0,-1,0,0,0,0,0",9,1,1,2014-06-13 01:11:55.805000
"0,0,0,1,0,0,0,0,-1",7,1,1,2014-06-13 01:11:55.805000
"0,0,0,-1,0,0,-1,0,1",6,1,1,2014-06-13 01:11:55.805000
"0,0,0,1,0,-1,1,0,-1",2,1,1,2014-06-13 01:11:55.805000
"0,-1,0,-1,0,1,-1,0,1",3,1,1,2014-06-13 01:11:55.805000
"0,0,0,0,0,0,0,0,0",6,1,1,2014-06-13 01:11:55.805000
"0,0,0,0,0,-1,0,0,0",5,1,1,2014-06-13 01:11:55.805000
"0,0,0,0,-1,1,0,0,0",2,1,1,2014-06-13 01:11:55.805000
"0,-1,0,0,1,-1,0,0,0",9,1,1,2014-06-13 01:11:55.805000
"0,1,0,0,-1,1,0,0,-1",8,1,1,2014-06-13 01:11:55.805000
"0,-1,0,0,1,-1,0,-1,1",7,1,1,2014-06-13 01:11:55.805000
"0,1,0,0,-1,1,-1,1,-1",4,1,1,2014-06-13 01:11:55.805000
"0,-1,0,-1,1,-1,1,-1,1",1,1,1,2014-06-13 01:11:55.805000
"0,0,0,0,0,0,0,0,0",4,1,1,2014-06-13 01:11:55.805000
"0,0,0,-1,0,0,0,0,0",3,1,1,2014-06-13 01:11:55.805000
"0,0,-1,1,0,0,0,0,0",1,1,1,2014-06-13 01:11:55.805000
"-1,0,1,-1,0,0,0,0,0",6,1,1,2014-06-13 01:11:55.805000
"1,0,-1,1,0,-1,0,0,0",9,1,1,2014-06-13 01:11:55.805000
"-1,0,1,-1,0,1,0,0,-1",2,1,1,2014-06-13 01:11:55.805000
"1,-1,-1,1,0,-1,0,0,1",5,1,1,2014-06-13 01:11:55.805000
"0,0,0,0,0,0,0,0,0",4,1,1,2014-06-13 01:11:55.805000
"0,0,0,-1,0,0,0,0,0",5,1,1,2014-06-13 01:11:55.805000
"0,0,0,1,-1,0,0,0,0",2,1,1,2014-06-13 01:11:55.805000
"0,-1,0,-1,1,0,0,0,0",7,1,1,2014-06-13 01:11:55.805000
"0,1,0,1,-1,0,-1,0,0",6,1,1,2014-06-13 01:11:55.805000
"0,-1,0,-1,1,-1,1,0,0",8,1,1,2014-06-13 01:11:55.805000
"0,1,0,1,-1,1,-1,-1,0",1,1,1,2014-06-13 01:11:55.805000
"-1,-1,0,-1,1,-1,1,1,0",9,1,1,2014-06-13 01:11:55.805000
"0,0,0,0,0,0,0,0,0",7,1,1,2014-06-13 01:11:55.805000
"0,0,0,0,0,0,-1,0,0",5,1,1,2014-06-13 01:11:55.805000
"0,0,0,0,-1,0,1,0,0",2,1,1,2014-06-13 01:11:55.805000
"0,-1,0,0,1,0,-1,0,0",1,1,1,2014-06-13 01:11:55.805000
"-1,1,0,0,-1,0,1,0,0",3,1,1,2014-06-13 01:11:55.805000
"1,-1,-1,0,1,0,-1,0,0",6,1,1,2014-06-13 01:11:55.805000
"-1,1,1,0,-1,-1,1,0,0",9,1,1,2014-06-13 01:11:55.805000
"1,-1,-1,0,1,1,-1,0,-1",4,1,1,2014-06-13 01:11:55.805000
"0,0,0,0,0,0,0,0,0",1,1,1,2014-06-13 01:11:55.805000
"-1,0,0,0,0,0,0,0,0",6,1,1,2014-06-13 01:11:55.805000
"1,0,0,0,0,-1,0,0,0",8,1,1,2014-06-13 01:11:55.805000
"-1,0,0,0,0,1,0,-1,0",9,1,1,2014-06-13 01:11:55.805000
"1,0,0,0,0,-1,0,1,-1",7,1,1,2014-06-13 01:11:55.805000
"-1,0,0,0,0,1,-1,-1,1",5,1,1,2014-06-13 01:11:55.805000
"1,0,0,0,-1,-1,1,1,-1",3,1,1,2014-06-13 01:11:55.805000
"-1,0,-1,0,1,1,-1,-1,1",2,1,1,2014-06-13 01:11:55.805000
"1,-1,1,0,-1,-1,1,1,-1",4,1,1,2014-06-13 01:11:55.805000
"0,0,0,0,0,0,0,0,0",1,1,1,2014-06-13 01:11:55.805000
"-1,0,0,0,0,0,0,0,0",2,1,1,2014-06-13 01:11:55.805000
"1,-1,0,0,0,0,0,0,0",3,1,1,2014-06-13 01:11:55.805000
"-1,1,-1,0,0,0,0,0,0",9,1,1,2014-06-13 01:11:55.805000
"1,-1,1,0,0,0,0,0,-1",8,1,1,2014-06-13 01:11:55.805000
"-1,1,-1,0,0,0,0,-1,1",7,1,1,2014-06-13 01:11:55.805000
"1,-1,1,0,0,0,-1,1,-1",5,1,1,2014-06-13 01:11:55.805000
"-1,1,-1,0,-1,0,1,-1,1",4,1,1,2014-06-13 01:11:55.805000
"1,-1,1,-1,1,0,-1,1,-1",6,1,1,2014-06-13 01:11:55.805000
"0,0,0,0,0,0,0,0,0",4,1,1,2014-06-13 01:11:55.805000
"0,0,0,-1,0,0,0,0,0",5,1,1,2014-06-13 01:11:55.805000
"0,0,0,1,-1,0,0,0,0",1,1,1,2014-06-13 01:11:55.805000
"-1,0,0,-1,1,0,0,0,0",9,1,1,2014-06-13 01:11:55.805000
"1,0,0,1,-1,0,0,0,-1",2,1,1,2014-06-13 01:11:55.805000
"-1,-1,0,-1,1,0,0,0,1",3,1,1,2014-06-13 01:11:55.805000
"1,1,-1,1,-1,0,0,0,-1",7,1,1,2014-06-13 01:11:55.805000
"0,0,0,0,0,0,0,0,0",5,1,1,2014-06-13 01:11:55.805000
"0,0,0,0,-1,0,0,0,0",4,1,1,2014-06-13 01:11:55.805000
"0,0,0,-1,1,0,0,0,0",3,1,1,2014-06-13 01:11:55.805000
"0,0,-1,1,-1,0,0,0,0",8,1,1,2014-06-13 01:11:55.805000
"0,0,1,-1,1,0,0,-1,0",1,1,1,2014-06-13 01:11:55.805000
"-1,0,-1,1,-1,0,0,1,0",7,1,1,2014-06-13 01:11:55.805000
"1,0,1,-1,1,0,-1,-1,0",9,1,1,2014-06-13 01:11:55.805000
"0,0,0,0,0,0,0,0,0",4,1,1,2014-06-13 01:11:55.805000
"0,0,0,-1,0,0,0,0,0",7,1,1,2014-06-13 01:11:55.805000
"0,0,0,1,0,0,-1,0,0",6,1,1,2014-06-13 01:11:55.805000
"0,0,0,-1,0,-1,1,0,0",1,1,1,2014-06-13 01:11:55.805000
"-1,0,0,1,0,1,-1,0,0",3,1,1,2014-06-13 01:11:55.805000
"1,0,-1,-1,0,-1,1,0,0",9,1,1,2014-06-13 01:11:55.805000
"-1,0,1,1,0,1,-1,0,-1",2,1,1,2014-06-13 01:11:55.805000
"1,-1,-1,-1,0,-1,1,0,1",5,1,1,2014-06-13 01:11:55.805000
"0,0,0,0,0,0,0,0,0",8,1,1,2014-06-13 01:11:55.805000
"0,0,0,0,0,0,0,-1,0",3,1,1,2014-06-13 01:11:55.805000
"0,0,-1,0,0,0,0,1,0",9,1,1,2014-06-13 01:11:55.805000
"0,0,1,0,0,0,0,-1,-1",2,1,1,2014-06-13 01:11:55.805000
"0,-1,-1,0,0,0,0,1,1",6,1,1,2014-06-13 01:11:55.805000
"0,1,1,0,0,-1,0,-1,-1",1,1,1,2014-06-13 01:11:55.805000
"0,0,0,0,0,0,0,0,0",5,1,1,2014-06-13 01:12:30.422602
"0,0,0,0,-1,0,0,0,0",2,1,1,2014-06-13 01:12:30.422602
"0,-1,0,0,1,0,0,0,0",3,1,1,2014-06-13 01:12:30.422602
"0,1,-1,0,-1,0,0,0,0",6,1,1,2014-06-13 01:12:30.422602
"0,-1,1,0,1,-1,0,0,0",1,1,1,2014-06-13 01:12:30.422602
"-1,1,-1,0,-1,1,0,0,0",7,1,1,2014-06-13 01:12:30.422602
"1,-1,1,0,1,-1,-1,0,0",4,1,1,2014-06-13 01:12:30.422602
"-1,1,-1,-1,-1,1,1,0,0",8,1,1,2014-06-13 01:12:30.422602
"1,-1,1,1,1,-1,-1,-1,0",9,1,1,2014-06-13 01:12:30.422602
"0,0,0,0,0,0,0,0,0",7,1,1,2014-06-13 01:12:30.422602
"0,0,0,0,0,0,-1,0,0",8,1,1,2014-06-13 01:12:30.422602
"0,0,0,0,0,0,1,-1,0",1,1,1,2014-06-13 01:12:30.422602
"-1,0,0,0,0,0,-1,1,0",5,1,1,2014-06-13 01:12:30.422602
"1,0,0,0,-1,0,1,-1,0",4,1,1,2014-06-13 01:12:30.422602
"0,0,0,0,0,0,0,0,0",4,1,1,2014-06-13 01:12:30.422602
"0,0,0,-1,0,0,0,0,0",5,1,1,2014-06-13 01:12:30.422602
"0,0,0,1,-1,0,0,0,0",3,1,1,2014-06-13 01:12:30.422602
"0,0,-1,-1,1,0,0,0,0",7,1,1,2014-06-13 01:12:30.422602
"0,0,1,1,-1,0,-1,0,0",6,1,1,2014-06-13 01:12:30.422602
"0,0,-1,-1,1,-1,1,0,0",2,1,1,2014-06-13 01:12:30.422602
"0,-1,1,1,-1,1,-1,0,0",1,1,1,2014-06-13 01:12:30.422602
"-1,1,-1,-1,1,-1,1,0,0",9,1,1,2014-06-13 01:12:30.422602
"1,-1,1,1,-1,1,-1,0,-1",8,1,1,2014-06-13 01:12:30.422602
"0,0,0,0,0,0,0,0,0",3,1,1,2014-06-13 01:12:30.422602
"0,0,-1,0,0,0,0,0,0",2,1,1,2014-06-13 01:12:30.422602
"0,-1,1,0,0,0,0,0,0",9,1,1,2014-06-13 01:12:30.422602
"0,1,-1,0,0,0,0,0,-1",5,1,1,2014-06-13 01:12:30.422602
"0,-1,1,0,-1,0,0,0,1",4,1,1,2014-06-13 01:12:30.422602
"0,1,-1,-1,1,0,0,0,-1",1,1,1,2014-06-13 01:12:30.422602
"-1,-1,1,1,-1,0,0,0,1",6,1,1,2014-06-13 01:12:30.422602
"0,0,0,0,0,0,0,0,0",4,1,1,2014-06-13 01:12:30.422602
"0,0,0,-1,0,0,0,0,0",9,1,1,2014-06-13 01:12:30.422602
"0,0,0,1,0,0,0,0,-1",7,1,1,2014-06-13 01:12:30.422602
"0,0,0,-1,0,0,-1,0,1",6,1,1,2014-06-13 01:12:30.422602
"0,0,0,1,0,-1,1,0,-1",2,1,1,2014-06-13 01:12:30.422602
"0,-1,0,-1,0,1,-1,0,1",3,1,1,2014-06-13 01:12:30.422602
"0,0,0,0,0,0,0,0,0",6,1,1,2014-06-13 01:12:30.422602
"0,0,0,0,0,-1,0,0,0",5,1,1,2014-06-13 01:12:30.422602
"0,0,0,0,-1,1,0,0,0",2,1,1,2014-06-13 01:12:30.422602
"0,-1,0,0,1,-1,0,0,0",9,1,1,2014-06-13 01:12:30.422602
"0,1,0,0,-1,1,0,0,-1",8,1,1,2014-06-13 01:12:30.422602
"0,-1,0,0,1,-1,0,-1,1",7,1,1,2014-06-13 01:12:30.422602
"0,1,0,0,-1,1,-1,1,-1",4,1,1,2014-06-13 01:12:30.422602
"0,-1,0,-1,1,-1,1,-1,1",1,1,1,2014-06-13 01:12:30.422602
"0,0,0,0,0,0,0,0,0",4,1,1,2014-06-13 01:12:30.422602
"0,0,0,-1,0,0,0,0,0",3,1,1,2014-06-13 01:12:30.422602
"0,0,-1,1,0,0,0,0,0",1,1,1,2014-06-13 01:12:30.422602
"-1,0,1,-1,0,0,0,0,0",6,1,1,2014-06-13 01:12:30.422602
"1,0,-1,1,0,-1,0,0,0",9,1,1,2014-06-13 01:12:30.422602
"-1,0,1,-1,0,1,0,0,-1",2,1,1,2014-06-13 01:12:30.422602
"1,-1,-1,1,0,-1,0,0,1",5,1,1,2014-06-13 01:12:30.422602
"0,0,0,0,0,0,0,0,0",4,1,1,2014-06-13 01:12:30.422602
"0,0,0,-1,0,0,0,0,0",5,1,1,2014-06-13 01:12:30.422602
"0,0,0,1,-1,0,0,0,0",2,1,1,2014-06-13 01:12:30.422602
"0,-1,0,-1,1,0,0,0,0",7,1,1,2014-06-13 01:12:30.422602
"0,1,0,1,-1,0,-1,0,0",6,1,1,2014-06-13 01:12:30.422602
"0,-1,0,-1,1,-1,1,0,0",8,1,1,2014-06-13 01:12:30.422602
"0,1,0,1,-1,1,-1,-1,0",1,1,1,2014-06-13 01:12:30.422602
"-1,-1,0,-1,1,-1,1,1,0",9,1,1,2014-06-13 01:12:30.422602
"0,0,0,0,0,0,0,0,0",7,1,1,2014-06-13 01:12:30.422602
"0,0,0,0,0,0,-1,0,0",5,1,1,2014-06-13 01:12:30.422602
"0,0,0,0,-1,0,1,0,0",2,1,1,2014-06-13 01:12:30.422602
"0,-1,0,0,1,0,-1,0,0",1,1,1,2014-06-13 01:12:30.422602
"-1,1,0,0,-1,0,1,0,0",3,1,1,2014-06-13 01:12:30.422602
"1,-1,-1,0,1,0,-1,0,0",6,1,1,2014-06-13 01:12:30.422602
"-1,1,1,0,-1,-1,1,0,0",9,1,1,2014-06-13 01:12:30.422602
"1,-1,-1,0,1,1,-1,0,-1",4,1,1,2014-06-13 01:12:30.422602
"0,0,0,0,0,0,0,0,0",1,1,1,2014-06-13 01:12:30.422602
"-1,0,0,0,0,0,0,0,0",6,1,1,2014-06-13 01:12:30.422602
"1,0,0,0,0,-1,0,0,0",8,1,1,2014-06-13 01:12:30.422602
"-1,0,0,0,0,1,0,-1,0",9,1,1,2014-06-13 01:12:30.422602
"1,0,0,0,0,-1,0,1,-1",7,1,1,2014-06-13 01:12:30.422602
"-1,0,0,0,0,1,-1,-1,1",5,1,1,2014-06-13 01:12:30.422602
"1,0,0,0,-1,-1,1,1,-1",3,1,1,2014-06-13 01:12:30.422602
"-1,0,-1,0,1,1,-1,-1,1",2,1,1,2014-06-13 01:12:30.422602
"1,-1,1,0,-1,-1,1,1,-1",4,1,1,2014-06-13 01:12:30.422602
"0,0,0,0,0,0,0,0,0",1,1,1,2014-06-13 01:12:30.422602
"-1,0,0,0,0,0,0,0,0",2,1,1,2014-06-13 01:12:30.422602
"1,-1,0,0,0,0,0,0,0",3,1,1,2014-06-13 01:12:30.422602
"-1,1,-1,0,0,0,0,0,0",9,1,1,2014-06-13 01:12:30.422602
"1,-1,1,0,0,0,0,0,-1",8,1,1,2014-06-13 01:12:30.422602
"-1,1,-1,0,0,0,0,-1,1",7,1,1,2014-06-13 01:12:30.422602
"1,-1,1,0,0,0,-1,1,-1",5,1,1,2014-06-13 01:12:30.422602
"-1,1,-1,0,-1,0,1,-1,1",4,1,1,2014-06-13 01:12:30.422602
"1,-1,1,-1,1,0,-1,1,-1",6,1,1,2014-06-13 01:12:30.422602
"0,0,0,0,0,0,0,0,0",4,1,1,2014-06-13 01:12:30.422602
"0,0,0,-1,0,0,0,0,0",5,1,1,2014-06-13 01:12:30.422602
"0,0,0,1,-1,0,0,0,0",1,1,1,2014-06-13 01:12:30.422602
"-1,0,0,-1,1,0,0,0,0",9,1,1,2014-06-13 01:12:30.422602
"1,0,0,1,-1,0,0,0,-1",2,1,1,2014-06-13 01:12:30.422602
"-1,-1,0,-1,1,0,0,0,1",3,1,1,2014-06-13 01:12:30.422602
"1,1,-1,1,-1,0,0,0,-1",7,1,1,2014-06-13 01:12:30.422602
"0,0,0,0,0,0,0,0,0",5,1,1,2014-06-13 01:12:30.422602
"0,0,0,0,-1,0,0,0,0",4,1,1,2014-06-13 01:12:30.422602
"0,0,0,-1,1,0,0,0,0",3,1,1,2014-06-13 01:12:30.422602
"0,0,-1,1,-1,0,0,0,0",8,1,1,2014-06-13 01:12:30.422602
"0,0,1,-1,1,0,0,-1,0",1,1,1,2014-06-13 01:12:30.422602
"-1,0,-1,1,-1,0,0,1,0",7,1,1,2014-06-13 01:12:30.422602
"1,0,1,-1,1,0,-1,-1,0",9,1,1,2014-06-13 01:12:30.422602
"0,0,0,0,0,0,0,0,0",4,1,1,2014-06-13 01:12:30.422602
"0,0,0,-1,0,0,0,0,0",7,1,1,2014-06-13 01:12:30.422602
"0,0,0,1,0,0,-1,0,0",6,1,1,2014-06-13 01:12:30.422602
"0,0,0,-1,0,-1,1,0,0",1,1,1,2014-06-13 01:12:30.422602
"-1,0,0,1,0,1,-1,0,0",3,1,1,2014-06-13 01:12:30.422602
"1,0,-1,-1,0,-1,1,0,0",9,1,1,2014-06-13 01:12:30.422602
"-1,0,1,1,0,1,-1,0,-1",2,1,1,2014-06-13 01:12:30.422602
"1,-1,-1,-1,0,-1,1,0,1",5,1,1,2014-06-13 01:12:30.422602
"0,0,0,0,0,0,0,0,0",8,1,1,2014-06-13 01:12:30.422602
"0,0,0,0,0,0,0,-1,0",3,1,1,2014-06-13 01:12:30.422602
"0,0,-1,0,0,0,0,1,0",9,1,1,2014-06-13 01:12:30.422602
"0,0,1,0,0,0,0,-1,-1",2,1,1,2014-06-13 01:12:30.422602
"0,-1,-1,0,0,0,0,1,1",6,1,1,2014-06-13 01:12:30.422602
"0,1,1,0,0,-1,0,-1,-1",1,1,1,2014-06-13 01:12:30.422602
"0,0,0,0,0,0,0,0,0",6,1,1,2014-06-13 01:12:30.422602
"0,0,0,0,0,-1,0,0,0",5,1,1,2014-06-13 01:12:30.422602
"0,0,0,0,-1,1,0,0,0",2,1,1,2014-06-13 01:12:30.422602
"0,-1,0,0,1,-1,0,0,0",7,1,1,2014-06-13 01:12:30.422602
"0,1,0,0,-1,1,-1,0,0",3,1,1,2014-06-13 01:12:30.422602
"0,-1,-1,0,1,-1,1,0,0",8,1,1,2014-06-13 01:12:30.422602
"0,1,1,0,-1,1,-1,-1,0",4,1,1,2014-06-13 01:12:30.422602
"0,-1,-1,-1,1,-1,1,1,0",1,1,1,2014-06-13 01:12:30.422602
"-1,1,1,1,-1,1,-1,-1,0",9,1,1,2014-06-13 01:12:30.422602
"0,0,0,0,0,0,0,0,0",5,1,1,2014-06-13 01:12:52.210395
"0,0,0,0,-1,0,0,0,0",2,1,1,2014-06-13 01:12:52.210395
"0,-1,0,0,1,0,0,0,0",3,1,1,2014-06-13 01:12:52.210395
"0,1,-1,0,-1,0,0,0,0",6,1,1,2014-06-13 01:12:52.210395
"0,-1,1,0,1,-1,0,0,0",1,1,1,2014-06-13 01:12:52.210395
"-1,1,-1,0,-1,1,0,0,0",7,1,1,2014-06-13 01:12:52.210395
"1,-1,1,0,1,-1,-1,0,0",4,1,1,2014-06-13 01:12:52.210395
"-1,1,-1,-1,-1,1,1,0,0",8,1,1,2014-06-13 01:12:52.210395
"1,-1,1,1,1,-1,-1,-1,0",9,1,1,2014-06-13 01:12:52.210395
"0,0,0,0,0,0,0,0,0",7,1,1,2014-06-13 01:12:52.210395
"0,0,0,0,0,0,-1,0,0",8,1,1,2014-06-13 01:12:52.210395
"0,0,0,0,0,0,1,-1,0",1,1,1,2014-06-13 01:12:52.210395
"-1,0,0,0,0,0,-1,1,0",5,1,1,2014-06-13 01:12:52.210395
"1,0,0,0,-1,0,1,-1,0",4,1,1,2014-06-13 01:12:52.210395
"0,0,0,0,0,0,0,0,0",4,1,1,2014-06-13 01:12:52.210395
"0,0,0,-1,0,0,0,0,0",5,1,1,2014-06-13 01:12:52.210395
"0,0,0,1,-1,0,0,0,0",3,1,1,2014-06-13 01:12:52.210395
"0,0,-1,-1,1,0,0,0,0",7,1,1,2014-06-13 01:12:52.210395
"0,0,1,1,-1,0,-1,0,0",6,1,1,2014-06-13 01:12:52.210395
"0,0,-1,-1,1,-1,1,0,0",2,1,1,2014-06-13 01:12:52.210395
"0,-1,1,1,-1,1,-1,0,0",1,1,1,2014-06-13 01:12:52.210395
"-1,1,-1,-1,1,-1,1,0,0",9,1,1,2014-06-13 01:12:52.210395
"1,-1,1,1,-1,1,-1,0,-1",8,1,1,2014-06-13 01:12:52.210395
"0,0,0,0,0,0,0,0,0",3,1,1,2014-06-13 01:12:52.210395
"0,0,-1,0,0,0,0,0,0",2,1,1,2014-06-13 01:12:52.210395
"0,-1,1,0,0,0,0,0,0",9,1,1,2014-06-13 01:12:52.210395
"0,1,-1,0,0,0,0,0,-1",5,1,1,2014-06-13 01:12:52.210395
"0,-1,1,0,-1,0,0,0,1",4,1,1,2014-06-13 01:12:52.210395
"0,1,-1,-1,1,0,0,0,-1",1,1,1,2014-06-13 01:12:52.210395
"-1,-1,1,1,-1,0,0,0,1",6,1,1,2014-06-13 01:12:52.210395
"0,0,0,0,0,0,0,0,0",4,1,1,2014-06-13 01:12:52.210395
"0,0,0,-1,0,0,0,0,0",9,1,1,2014-06-13 01:12:52.210395
"0,0,0,1,0,0,0,0,-1",7,1,1,2014-06-13 01:12:52.210395
"0,0,0,-1,0,0,-1,0,1",6,1,1,2014-06-13 01:12:52.210395
"0,0,0,1,0,-1,1,0,-1",2,1,1,2014-06-13 01:12:52.210395
"0,-1,0,-1,0,1,-1,0,1",3,1,1,2014-06-13 01:12:52.210395
"0,0,0,0,0,0,0,0,0",6,1,1,2014-06-13 01:12:52.210395
"0,0,0,0,0,-1,0,0,0",5,1,1,2014-06-13 01:12:52.210395
"0,0,0,0,-1,1,0,0,0",2,1,1,2014-06-13 01:12:52.210395
"0,-1,0,0,1,-1,0,0,0",9,1,1,2014-06-13 01:12:52.210395
"0,1,0,0,-1,1,0,0,-1",8,1,1,2014-06-13 01:12:52.210395
"0,-1,0,0,1,-1,0,-1,1",7,1,1,2014-06-13 01:12:52.210395
"0,1,0,0,-1,1,-1,1,-1",4,1,1,2014-06-13 01:12:52.210395
"0,-1,0,-1,1,-1,1,-1,1",1,1,1,2014-06-13 01:12:52.210395
"0,0,0,0,0,0,0,0,0",4,1,1,2014-06-13 01:12:52.210395
"0,0,0,-1,0,0,0,0,0",3,1,1,2014-06-13 01:12:52.210395
"0,0,-1,1,0,0,0,0,0",1,1,1,2014-06-13 01:12:52.210395
"-1,0,1,-1,0,0,0,0,0",6,1,1,2014-06-13 01:12:52.210395
"1,0,-1,1,0,-1,0,0,0",9,1,1,2014-06-13 01:12:52.210395
"-1,0,1,-1,0,1,0,0,-1",2,1,1,2014-06-13 01:12:52.210395
"1,-1,-1,1,0,-1,0,0,1",5,1,1,2014-06-13 01:12:52.210395
"0,0,0,0,0,0,0,0,0",4,1,1,2014-06-13 01:12:52.210395
"0,0,0,-1,0,0,0,0,0",5,1,1,2014-06-13 01:12:52.210395
"0,0,0,1,-1,0,0,0,0",2,1,1,2014-06-13 01:12:52.210395
"0,-1,0,-1,1,0,0,0,0",7,1,1,2014-06-13 01:12:52.210395
"0,1,0,1,-1,0,-1,0,0",6,1,1,2014-06-13 01:12:52.210395
"0,-1,0,-1,1,-1,1,0,0",8,1,1,2014-06-13 01:12:52.210395
"0,1,0,1,-1,1,-1,-1,0",1,1,1,2014-06-13 01:12:52.210395
"-1,-1,0,-1,1,-1,1,1,0",9,1,1,2014-06-13 01:12:52.210395
"0,0,0,0,0,0,0,0,0",7,1,1,2014-06-13 01:12:52.210395
"0,0,0,0,0,0,-1,0,0",5,1,1,2014-06-13 01:12:52.210395
"0,0,0,0,-1,0,1,0,0",2,1,1,2014-06-13 01:12:52.210395
"0,-1,0,0,1,0,-1,0,0",1,1,1,2014-06-13 01:12:52.210395
"-1,1,0,0,-1,0,1,0,0",3,1,1,2014-06-13 01:12:52.210395
"1,-1,-1,0,1,0,-1,0,0",6,1,1,2014-06-13 01:12:52.210395
"-1,1,1,0,-1,-1,1,0,0",9,1,1,2014-06-13 01:12:52.210395
"1,-1,-1,0,1,1,-1,0,-1",4,1,1,2014-06-13 01:12:52.210395
"0,0,0,0,0,0,0,0,0",1,1,1,2014-06-13 01:12:52.210395
"-1,0,0,0,0,0,0,0,0",6,1,1,2014-06-13 01:12:52.210395
"1,0,0,0,0,-1,0,0,0",8,1,1,2014-06-13 01:12:52.210395
"-1,0,0,0,0,1,0,-1,0",9,1,1,2014-06-13 01:12:52.210395
"1,0,0,0,0,-1,0,1,-1",7,1,1,2014-06-13 01:12:52.210395
"-1,0,0,0,0,1,-1,-1,1",5,1,1,2014-06-13 01:12:52.210395
"1,0,0,0,-1,-1,1,1,-1",3,1,1,2014-06-13 01:12:52.210395
"-1,0,-1,0,1,1,-1,-1,1",2,1,1,2014-06-13 01:12:52.210395
"1,-1,1,0,-1,-1,1,1,-1",4,1,1,2014-06-13 01:12:52.210395
"0,0,0,0,0,0,0,0,0",1,1,1,2014-06-13 01:12:52.210395
"-1,0,0,0,0,0,0,0,0",2,1,1,2014-06-13 01:12:52.210395
"1,-1,0,0,0,0,0,0,0",3,1,1,2014-06-13 01:12:52.210395
"-1,1,-1,0,0,0,0,0,0",9,1,1,2014-06-13 01:12:52.210395
"1,-1,1,0,0,0,0,0,-1",8,1,1,2014-06-13 01:12:52.210395
"-1,1,-1,0,0,0,0,-1,1",7,1,1,2014-06-13 01:12:52.210395
"1,-1,1,0,0,0,-1,1,-1",5,1,1,2014-06-13 01:12:52.210395
"-1,1,-1,0,-1,0,1,-1,1",4,1,1,2014-06-13 01:12:52.210395
"1,-1,1,-1,1,0,-1,1,-1",6,1,1,2014-06-13 01:12:52.210395
"0,0,0,0,0,0,0,0,0",4,1,1,2014-06-13 01:12:52.210395
"0,0,0,-1,0,0,0,0,0",5,1,1,2014-06-13 01:12:52.210395
"0,0,0,1,-1,0,0,0,0",1,1,1,2014-06-13 01:12:52.210395
"-1,0,0,-1,1,0,0,0,0",9,1,1,2014-06-13 01:12:52.210395
"1,0,0,1,-1,0,0,0,-1",2,1,1,2014-06-13 01:12:52.210395
"-1,-1,0,-1,1,0,0,0,1",3,1,1,2014-06-13 01:12:52.210395
"1,1,-1,1,-1,0,0,0,-1",7,1,1,2014-06-13 01:12:52.210395
"0,0,0,0,0,0,0,0,0",5,1,1,2014-06-13 01:12:52.210395
"0,0,0,0,-1,0,0,0,0",4,1,1,2014-06-13 01:12:52.210395
"0,0,0,-1,1,0,0,0,0",3,1,1,2014-06-13 01:12:52.210395
"0,0,-1,1,-1,0,0,0,0",8,1,1,2014-06-13 01:12:52.210395
"0,0,1,-1,1,0,0,-1,0",1,1,1,2014-06-13 01:12:52.210395
"-1,0,-1,1,-1,0,0,1,0",7,1,1,2014-06-13 01:12:52.210395
"1,0,1,-1,1,0,-1,-1,0",9,1,1,2014-06-13 01:12:52.210395
"0,0,0,0,0,0,0,0,0",4,1,1,2014-06-13 01:12:52.210395
"0,0,0,-1,0,0,0,0,0",7,1,1,2014-06-13 01:12:52.210395
"0,0,0,1,0,0,-1,0,0",6,1,1,2014-06-13 01:12:52.210395
"0,0,0,-1,0,-1,1,0,0",1,1,1,2014-06-13 01:12:52.210395
"-1,0,0,1,0,1,-1,0,0",3,1,1,2014-06-13 01:12:52.210395
"1,0,-1,-1,0,-1,1,0,0",9,1,1,2014-06-13 01:12:52.210395
"-1,0,1,1,0,1,-1,0,-1",2,1,1,2014-06-13 01:12:52.210395
"1,-1,-1,-1,0,-1,1,0,1",5,1,1,2014-06-13 01:12:52.210395
"0,0,0,0,0,0,0,0,0",8,1,1,2014-06-13 01:12:52.210395
"0,0,0,0,0,0,0,-1,0",3,1,1,2014-06-13 01:12:52.210395
"0,0,-1,0,0,0,0,1,0",9,1,1,2014-06-13 01:12:52.210395
"0,0,1,0,0,0,0,-1,-1",2,1,1,2014-06-13 01:12:52.210395
"0,-1,-1,0,0,0,0,1,1",6,1,1,2014-06-13 01:12:52.210395
"0,1,1,0,0,-1,0,-1,-1",1,1,1,2014-06-13 01:12:52.210395
"0,0,0,0,0,0,0,0,0",6,1,1,2014-06-13 01:12:52.210395
"0,0,0,0,0,-1,0,0,0",5,1,1,2014-06-13 01:12:52.210395
"0,0,0,0,-1,1,0,0,0",2,1,1,2014-06-13 01:12:52.210395
"0,-1,0,0,1,-1,0,0,0",7,1,1,2014-06-13 01:12:52.210395
"0,1,0,0,-1,1,-1,0,0",3,1,1,2014-06-13 01:12:52.210395
"0,-1,-1,0,1,-1,1,0,0",8,1,1,2014-06-13 01:12:52.210395
"0,1,1,0,-1,1,-1,-1,0",4,1,1,2014-06-13 01:12:52.210395
"0,-1,-1,-1,1,-1,1,1,0",1,1,1,2014-06-13 01:12:52.210395
"-1,1,1,1,-1,1,-1,-1,0",9,1,1,2014-06-13 01:12:52.210395
"0,0,0,0,0,0,0,0,0",6,1,1,2014-06-13 01:12:52.210395
"0,0,0,0,0,-1,0,0,0",8,1,1,2014-06-13 01:12:52.210395
"0,0,0,0,0,1,0,-1,0",5,1,1,2014-06-13 01:12:52.210395
"0,0,0,0,-1,-1,0,1,0",1,1,1,2014-06-13 01:12:52.210395
"-1,0,0,0,1,1,0,-1,0",4,1,1,2014-06-13 01:12:52.210395
"0,0,0,0,0,0,0,0,0",5,1,1,2014-06-13 01:13:26.438131
"0,0,0,0,-1,0,0,0,0",2,1,1,2014-06-13 01:13:26.438131
"0,-1,0,0,1,0,0,0,0",3,1,1,2014-06-13 01:13:26.438131
"0,1,-1,0,-1,0,0,0,0",6,1,1,2014-06-13 01:13:26.438131
"0,-1,1,0,1,-1,0,0,0",1,1,1,2014-06-13 01:13:26.438131
"-1,1,-1,0,-1,1,0,0,0",7,1,1,2014-06-13 01:13:26.438131
"1,-1,1,0,1,-1,-1,0,0",4,1,1,2014-06-13 01:13:26.438131
"-1,1,-1,-1,-1,1,1,0,0",8,1,1,2014-06-13 01:13:26.438131
"1,-1,1,1,1,-1,-1,-1,0",9,1,1,2014-06-13 01:13:26.438131
"0,0,0,0,0,0,0,0,0",7,1,1,2014-06-13 01:13:26.438131
"0,0,0,0,0,0,-1,0,0",8,1,1,2014-06-13 01:13:26.438131
"0,0,0,0,0,0,1,-1,0",1,1,1,2014-06-13 01:13:26.438131
"-1,0,0,0,0,0,-1,1,0",5,1,1,2014-06-13 01:13:26.438131
"1,0,0,0,-1,0,1,-1,0",4,1,1,2014-06-13 01:13:26.438131
"0,0,0,0,0,0,0,0,0",4,1,1,2014-06-13 01:13:26.438131
"0,0,0,-1,0,0,0,0,0",5,1,1,2014-06-13 01:13:26.438131
"0,0,0,1,-1,0,0,0,0",3,1,1,2014-06-13 01:13:26.438131
"0,0,-1,-1,1,0,0,0,0",7,1,1,2014-06-13 01:13:26.438131
"0,0,1,1,-1,0,-1,0,0",6,1,1,2014-06-13 01:13:26.438131
"0,0,-1,-1,1,-1,1,0,0",2,1,1,2014-06-13 01:13:26.438131
"0,-1,1,1,-1,1,-1,0,0",1,1,1,2014-06-13 01:13:26.438131
"-1,1,-1,-1,1,-1,1,0,0",9,1,1,2014-06-13 01:13:26.438131
"1,-1,1,1,-1,1,-1,0,-1",8,1,1,2014-06-13 01:13:26.438131
"0,0,0,0,0,0,0,0,0",3,1,1,2014-06-13 01:13:26.438131
"0,0,-1,0,0,0,0,0,0",2,1,1,2014-06-13 01:13:26.438131
"0,-1,1,0,0,0,0,0,0",9,1,1,2014-06-13 01:13:26.438131
"0,1,-1,0,0,0,0,0,-1",5,1,1,2014-06-13 01:13:26.438131
"0,-1,1,0,-1,0,0,0,1",4,1,1,2014-06-13 01:13:26.438131
"0,1,-1,-1,1,0,0,0,-1",1,1,1,2014-06-13 01:13:26.438131
"-1,-1,1,1,-1,0,0,0,1",6,1,1,2014-06-13 01:13:26.438131
"0,0,0,0,0,0,0,0,0",4,1,1,2014-06-13 01:13:26.438131
"0,0,0,-1,0,0,0,0,0",9,1,1,2014-06-13 01:13:26.438131
"0,0,0,1,0,0,0,0,-1",7,1,1,2014-06-13 01:13:26.438131
"0,0,0,-1,0,0,-1,0,1",6,1,1,2014-06-13 01:13:26.438131
"0,0,0,1,0,-1,1,0,-1",2,1,1,2014-06-13 01:13:26.438131
"0,-1,0,-1,0,1,-1,0,1",3,1,1,2014-06-13 01:13:26.438131
"0,0,0,0,0,0,0,0,0",6,1,1,2014-06-13 01:13:26.438131
"0,0,0,0,0,-1,0,0,0",5,1,1,2014-06-13 01:13:26.438131
"0,0,0,0,-1,1,0,0,0",2,1,1,2014-06-13 01:13:26.438131
"0,-1,0,0,1,-1,0,0,0",9,1,1,2014-06-13 01:13:26.438131
"0,1,0,0,-1,1,0,0,-1",8,1,1,2014-06-13 01:13:26.438131
"0,-1,0,0,1,-1,0,-1,1",7,1,1,2014-06-13 01:13:26.438131
"0,1,0,0,-1,1,-1,1,-1",4,1,1,2014-06-13 01:13:26.438131
"0,-1,0,-1,1,-1,1,-1,1",1,1,1,2014-06-13 01:13:26.438131
"0,0,0,0,0,0,0,0,0",4,1,1,2014-06-13 01:13:26.438131
"0,0,0,-1,0,0,0,0,0",3,1,1,2014-06-13 01:13:26.438131
"0,0,-1,1,0,0,0,0,0",1,1,1,2014-06-13 01:13:26.438131
"-1,0,1,-1,0,0,0,0,0",6,1,1,2014-06-13 01:13:26.438131
"1,0,-1,1,0,-1,0,0,0",9,1,1,2014-06-13 01:13:26.438131
"-1,0,1,-1,0,1,0,0,-1",2,1,1,2014-06-13 01:13:26.438131
"1,-1,-1,1,0,-1,0,0,1",5,1,1,2014-06-13 01:13:26.438131
"0,0,0,0,0,0,0,0,0",4,1,1,2014-06-13 01:13:26.438131
"0,0,0,-1,0,0,0,0,0",5,1,1,2014-06-13 01:13:26.438131
"0,0,0,1,-1,0,0,0,0",2,1,1,2014-06-13 01:13:26.438131
"0,-1,0,-1,1,0,0,0,0",7,1,1,2014-06-13 01:13:26.438131
"0,1,0,1,-1,0,-1,0,0",6,1,1,2014-06-13 01:13:26.438131
"0,-1,0,-1,1,-1,1,0,0",8,1,1,2014-06-13 01:13:26.438131
"0,1,0,1,-1,1,-1,-1,0",1,1,1,2014-06-13 01:13:26.438131
"-1,-1,0,-1,1,-1,1,1,0",9,1,1,2014-06-13 01:13:26.438131
"0,0,0,0,0,0,0,0,0",7,1,1,2014-06-13 01:13:26.438131
"0,0,0,0,0,0,-1,0,0",5,1,1,2014-06-13 01:13:26.438131
"0,0,0,0,-1,0,1,0,0",2,1,1,2014-06-13 01:13:26.438131
"0,-1,0,0,1,0,-1,0,0",1,1,1,2014-06-13 01:13:26.438131
"-1,1,0,0,-1,0,1,0,0",3,1,1,2014-06-13 01:13:26.438131
"1,-1,-1,0,1,0,-1,0,0",6,1,1,2014-06-13 01:13:26.438131
"-1,1,1,0,-1,-1,1,0,0",9,1,1,2014-06-13 01:13:26.438131
"1,-1,-1,0,1,1,-1,0,-1",4,1,1,2014-06-13 01:13:26.438131
"0,0,0,0,0,0,0,0,0",1,1,1,2014-06-13 01:13:26.438131
"-1,0,0,0,0,0,0,0,0",6,1,1,2014-06-13 01:13:26.438131
"1,0,0,0,0,-1,0,0,0",8,1,1,2014-06-13 01:13:26.438131
"-1,0,0,0,0,1,0,-1,0",9,1,1,2014-06-13 01:13:26.438131
"1,0,0,0,0,-1,0,1,-1",7,1,1,2014-06-13 01:13:26.438131
"-1,0,0,0,0,1,-1,-1,1",5,1,1,2014-06-13 01:13:26.438131
"1,0,0,0,-1,-1,1,1,-1",3,1,1,2014-06-13 01:13:26.438131
"-1,0,-1,0,1,1,-1,-1,1",2,1,1,2014-06-13 01:13:26.438131
"1,-1,1,0,-1,-1,1,1,-1",4,1,1,2014-06-13 01:13:26.438131
"0,0,0,0,0,0,0,0,0",1,1,1,2014-06-13 01:13:26.438131
"-1,0,0,0,0,0,0,0,0",2,1,1,2014-06-13 01:13:26.438131
"1,-1,0,0,0,0,0,0,0",3,1,1,2014-06-13 01:13:26.438131
"-1,1,-1,0,0,0,0,0,0",9,1,1,2014-06-13 01:13:26.438131
"1,-1,1,0,0,0,0,0,-1",8,1,1,2014-06-13 01:13:26.438131
"-1,1,-1,0,0,0,0,-1,1",7,1,1,2014-06-13 01:13:26.438131
"1,-1,1,0,0,0,-1,1,-1",5,1,1,2014-06-13 01:13:26.438131
"-1,1,-1,0,-1,0,1,-1,1",4,1,1,2014-06-13 01:13:26.438131
"1,-1,1,-1,1,0,-1,1,-1",6,1,1,2014-06-13 01:13:26.438131
"0,0,0,0,0,0,0,0,0",4,1,1,2014-06-13 01:13:26.438131
"0,0,0,-1,0,0,0,0,0",5,1,1,2014-06-13 01:13:26.438131
"0,0,0,1,-1,0,0,0,0",1,1,1,2014-06-13 01:13:26.438131
"-1,0,0,-1,1,0,0,0,0",9,1,1,2014-06-13 01:13:26.438131
"1,0,0,1,-1,0,0,0,-1",2,1,1,2014-06-13 01:13:26.438131
"-1,-1,0,-1,1,0,0,0,1",3,1,1,2014-06-13 01:13:26.438131
"1,1,-1,1,-1,0,0,0,-1",7,1,1,2014-06-13 01:13:26.438131
"0,0,0,0,0,0,0,0,0",5,1,1,2014-06-13 01:13:26.438131
"0,0,0,0,-1,0,0,0,0",4,1,1,2014-06-13 01:13:26.438131
"0,0,0,-1,1,0,0,0,0",3,1,1,2014-06-13 01:13:26.438131
"0,0,-1,1,-1,0,0,0,0",8,1,1,2014-06-13 01:13:26.438131
"0,0,1,-1,1,0,0,-1,0",1,1,1,2014-06-13 01:13:26.438131
"-1,0,-1,1,-1,0,0,1,0",7,1,1,2014-06-13 01:13:26.438131
"1,0,1,-1,1,0,-1,-1,0",9,1,1,2014-06-13 01:13:26.438131
"0,0,0,0,0,0,0,0,0",4,1,1,2014-06-13 01:13:26.438131
"0,0,0,-1,0,0,0,0,0",7,1,1,2014-06-13 01:13:26.438131
"0,0,0,1,0,0,-1,0,0",6,1,1,2014-06-13 01:13:26.438131
"0,0,0,-1,0,-1,1,0,0",1,1,1,2014-06-13 01:13:26.438131
"-1,0,0,1,0,1,-1,0,0",3,1,1,2014-06-13 01:13:26.438131
"1,0,-1,-1,0,-1,1,0,0",9,1,1,2014-06-13 01:13:26.438131
"-1,0,1,1,0,1,-1,0,-1",2,1,1,2014-06-13 01:13:26.438131
"1,-1,-1,-1,0,-1,1,0,1",5,1,1,2014-06-13 01:13:26.438131
"0,0,0,0,0,0,0,0,0",8,1,1,2014-06-13 01:13:26.438131
"0,0,0,0,0,0,0,-1,0",3,1,1,2014-06-13 01:13:26.438131
"0,0,-1,0,0,0,0,1,0",9,1,1,2014-06-13 01:13:26.438131
"0,0,1,0,0,0,0,-1,-1",2,1,1,2014-06-13 01:13:26.438131
"0,-1,-1,0,0,0,0,1,1",6,1,1,2014-06-13 01:13:26.438131
"0,1,1,0,0,-1,0,-1,-1",1,1,1,2014-06-13 01:13:26.438131
"0,0,0,0,0,0,0,0,0",6,1,1,2014-06-13 01:13:26.438131
"0,0,0,0,0,-1,0,0,0",5,1,1,2014-06-13 01:13:26.438131
"0,0,0,0,-1,1,0,0,0",2,1,1,2014-06-13 01:13:26.438131
"0,-1,0,0,1,-1,0,0,0",7,1,1,2014-06-13 01:13:26.438131
"0,1,0,0,-1,1,-1,0,0",3,1,1,2014-06-13 01:13:26.438131
"0,-1,-1,0,1,-1,1,0,0",8,1,1,2014-06-13 01:13:26.438131
"0,1,1,0,-1,1,-1,-1,0",4,1,1,2014-06-13 01:13:26.438131
"0,-1,-1,-1,1,-1,1,1,0",1,1,1,2014-06-13 01:13:26.438131
"-1,1,1,1,-1,1,-1,-1,0",9,1,1,2014-06-13 01:13:26.438131
"0,0,0,0,0,0,0,0,0",6,1,1,2014-06-13 01:13:26.438131
"0,0,0,0,0,-1,0,0,0",8,1,1,2014-06-13 01:13:26.438131
"0,0,0,0,0,1,0,-1,0",5,1,1,2014-06-13 01:13:26.438131
"0,0,0,0,-1,-1,0,1,0",1,1,1,2014-06-13 01:13:26.438131
"-1,0,0,0,1,1,0,-1,0",4,1,1,2014-06-13 01:13:26.438131
"0,0,0,0,0,0,0,0,0",6,1,1,2014-06-13 01:13:26.438131
"0,0,0,0,0,-1,0,0,0",8,1,1,2014-06-13 01:13:26.438131
"0,0,0,0,0,1,0,-1,0",1,1,1,2014-06-13 01:13:26.438131
"-1,0,0,0,0,-1,0,1,0",9,1,1,2014-06-13 01:13:26.438131
"1,0,0,0,0,1,0,-1,-1",4,1,1,2014-06-13 01:13:26.438131
"-1,0,0,-1,0,-1,0,1,1",7,1,1,2014-06-13 01:13:26.438131
"0,0,0,0,0,0,0,0,0",5,1,1,2014-06-13 01:14:09.260980
"0,0,0,0,-1,0,0,0,0",2,1,1,2014-06-13 01:14:09.260980
"0,-1,0,0,1,0,0,0,0",3,1,1,2014-06-13 01:14:09.260980
"0,1,-1,0,-1,0,0,0,0",6,1,1,2014-06-13 01:14:09.260980
"0,-1,1,0,1,-1,0,0,0",1,1,1,2014-06-13 01:14:09.260980
"-1,1,-1,0,-1,1,0,0,0",7,1,1,2014-06-13 01:14:09.260980
"1,-1,1,0,1,-1,-1,0,0",4,1,1,2014-06-13 01:14:09.260980
"-1,1,-1,-1,-1,1,1,0,0",8,1,1,2014-06-13 01:14:09.260980
"1,-1,1,1,1,-1,-1,-1,0",9,1,1,2014-06-13 01:14:09.260980
"0,0,0,0,0,0,0,0,0",7,1,1,2014-06-13 01:14:09.260980
"0,0,0,0,0,0,-1,0,0",8,1,1,2014-06-13 01:14:09.260980
"0,0,0,0,0,0,1,-1,0",1,1,1,2014-06-13 01:14:09.260980
"-1,0,0,0,0,0,-1,1,0",5,1,1,2014-06-13 01:14:09.260980
"1,0,0,0,-1,0,1,-1,0",4,1,1,2014-06-13 01:14:09.260980
"0,0,0,0,0,0,0,0,0",4,1,1,2014-06-13 01:14:09.260980
"0,0,0,-1,0,0,0,0,0",5,1,1,2014-06-13 01:14:09.260980
"0,0,0,1,-1,0,0,0,0",3,1,1,2014-06-13 01:14:09.260980
"0,0,-1,-1,1,0,0,0,0",7,1,1,2014-06-13 01:14:09.260980
"0,0,1,1,-1,0,-1,0,0",6,1,1,2014-06-13 01:14:09.260980
"0,0,-1,-1,1,-1,1,0,0",2,1,1,2014-06-13 01:14:09.260980
"0,-1,1,1,-1,1,-1,0,0",1,1,1,2014-06-13 01:14:09.260980
"-1,1,-1,-1,1,-1,1,0,0",9,1,1,2014-06-13 01:14:09.260980
"1,-1,1,1,-1,1,-1,0,-1",8,1,1,2014-06-13 01:14:09.260980
"0,0,0,0,0,0,0,0,0",3,1,1,2014-06-13 01:14:09.260980
"0,0,-1,0,0,0,0,0,0",2,1,1,2014-06-13 01:14:09.260980
"0,-1,1,0,0,0,0,0,0",9,1,1,2014-06-13 01:14:09.260980
"0,1,-1,0,0,0,0,0,-1",5,1,1,2014-06-13 01:14:09.260980
"0,-1,1,0,-1,0,0,0,1",4,1,1,2014-06-13 01:14:09.260980
"0,1,-1,-1,1,0,0,0,-1",1,1,1,2014-06-13 01:14:09.260980
"-1,-1,1,1,-1,0,0,0,1",6,1,1,2014-06-13 01:14:09.260980
"0,0,0,0,0,0,0,0,0",4,1,1,2014-06-13 01:14:09.260980
"0,0,0,-1,0,0,0,0,0",9,1,1,2014-06-13 01:14:09.260980
"0,0,0,1,0,0,0,0,-1",7,1,1,2014-06-13 01:14:09.260980
"0,0,0,-1,0,0,-1,0,1",6,1,1,2014-06-13 01:14:09.260980
"0,0,0,1,0,-1,1,0,-1",2,1,1,2014-06-13 01:14:09.260980
"0,-1,0,-1,0,1,-1,0,1",3,1,1,2014-06-13 01:14:09.260980
"0,0,0,0,0,0,0,0,0",6,1,1,2014-06-13 01:14:09.260980
"0,0,0,0,0,-1,0,0,0",5,1,1,2014-06-13 01:14:09.260980
"0,0,0,0,-1,1,0,0,0",2,1,1,2014-06-13 01:14:09.260980
"0,-1,0,0,1,-1,0,0,0",9,1,1,2014-06-13 01:14:09.260980
"0,1,0,0,-1,1,0,0,-1",8,1,1,2014-06-13 01:14:09.260980
"0,-1,0,0,1,-1,0,-1,1",7,1,1,2014-06-13 01:14:09.260980
"0,1,0,0,-1,1,-1,1,-1",4,1,1,2014-06-13 01:14:09.260980
"0,-1,0,-1,1,-1,1,-1,1",1,1,1,2014-06-13 01:14:09.260980
"0,0,0,0,0,0,0,0,0",4,1,1,2014-06-13 01:14:09.260980
"0,0,0,-1,0,0,0,0,0",3,1,1,2014-06-13 01:14:09.260980
"0,0,-1,1,0,0,0,0,0",1,1,1,2014-06-13 01:14:09.260980
"-1,0,1,-1,0,0,0,0,0",6,1,1,2014-06-13 01:14:09.260980
"1,0,-1,1,0,-1,0,0,0",9,1,1,2014-06-13 01:14:09.260980
"-1,0,1,-1,0,1,0,0,-1",2,1,1,2014-06-13 01:14:09.260980
"1,-1,-1,1,0,-1,0,0,1",5,1,1,2014-06-13 01:14:09.260980
"0,0,0,0,0,0,0,0,0",4,1,1,2014-06-13 01:14:09.260980
"0,0,0,-1,0,0,0,0,0",5,1,1,2014-06-13 01:14:09.260980
"0,0,0,1,-1,0,0,0,0",2,1,1,2014-06-13 01:14:09.260980
"0,-1,0,-1,1,0,0,0,0",7,1,1,2014-06-13 01:14:09.260980
"0,1,0,1,-1,0,-1,0,0",6,1,1,2014-06-13 01:14:09.260980
"0,-1,0,-1,1,-1,1,0,0",8,1,1,2014-06-13 01:14:09.260980
"0,1,0,1,-1,1,-1,-1,0",1,1,1,2014-06-13 01:14:09.260980
"-1,-1,0,-1,1,-1,1,1,0",9,1,1,2014-06-13 01:14:09.260980
"0,0,0,0,0,0,0,0,0",7,1,1,2014-06-13 01:14:09.260980
"0,0,0,0,0,0,-1,0,0",5,1,1,2014-06-13 01:14:09.260980
"0,0,0,0,-1,0,1,0,0",2,1,1,2014-06-13 01:14:09.260980
"0,-1,0,0,1,0,-1,0,0",1,1,1,2014-06-13 01:14:09.260980
"-1,1,0,0,-1,0,1,0,0",3,1,1,2014-06-13 01:14:09.260980
"1,-1,-1,0,1,0,-1,0,0",6,1,1,2014-06-13 01:14:09.260980
"-1,1,1,0,-1,-1,1,0,0",9,1,1,2014-06-13 01:14:09.260980
"1,-1,-1,0,1,1,-1,0,-1",4,1,1,2014-06-13 01:14:09.260980
"0,0,0,0,0,0,0,0,0",1,1,1,2014-06-13 01:14:09.260980
"-1,0,0,0,0,0,0,0,0",6,1,1,2014-06-13 01:14:09.260980
"1,0,0,0,0,-1,0,0,0",8,1,1,2014-06-13 01:14:09.260980
"-1,0,0,0,0,1,0,-1,0",9,1,1,2014-06-13 01:14:09.260980
"1,0,0,0,0,-1,0,1,-1",7,1,1,2014-06-13 01:14:09.260980
"-1,0,0,0,0,1,-1,-1,1",5,1,1,2014-06-13 01:14:09.260980
"1,0,0,0,-1,-1,1,1,-1",3,1,1,2014-06-13 01:14:09.260980
"-1,0,-1,0,1,1,-1,-1,1",2,1,1,2014-06-13 01:14:09.260980
"1,-1,1,0,-1,-1,1,1,-1",4,1,1,2014-06-13 01:14:09.260980
"0,0,0,0,0,0,0,0,0",1,1,1,2014-06-13 01:14:09.260980
"-1,0,0,0,0,0,0,0,0",2,1,1,2014-06-13 01:14:09.260980
"1,-1,0,0,0,0,0,0,0",3,1,1,2014-06-13 01:14:09.260980
"-1,1,-1,0,0,0,0,0,0",9,1,1,2014-06-13 01:14:09.260980
"1,-1,1,0,0,0,0,0,-1",8,1,1,2014-06-13 01:14:09.260980
"-1,1,-1,0,0,0,0,-1,1",7,1,1,2014-06-13 01:14:09.260980
"1,-1,1,0,0,0,-1,1,-1",5,1,1,2014-06-13 01:14:09.260980
"-1,1,-1,0,-1,0,1,-1,1",4,1,1,2014-06-13 01:14:09.260980
"1,-1,1,-1,1,0,-1,1,-1",6,1,1,2014-06-13 01:14:09.260980
"0,0,0,0,0,0,0,0,0",4,1,1,2014-06-13 01:14:09.260980
"0,0,0,-1,0,0,0,0,0",5,1,1,2014-06-13 01:14:09.260980
"0,0,0,1,-1,0,0,0,0",1,1,1,2014-06-13 01:14:09.260980
"-1,0,0,-1,1,0,0,0,0",9,1,1,2014-06-13 01:14:09.260980
"1,0,0,1,-1,0,0,0,-1",2,1,1,2014-06-13 01:14:09.260980
"-1,-1,0,-1,1,0,0,0,1",3,1,1,2014-06-13 01:14:09.260980
"1,1,-1,1,-1,0,0,0,-1",7,1,1,2014-06-13 01:14:09.260980
"0,0,0,0,0,0,0,0,0",5,1,1,2014-06-13 01:14:09.260980
"0,0,0,0,-1,0,0,0,0",4,1,1,2014-06-13 01:14:09.260980
"0,0,0,-1,1,0,0,0,0",3,1,1,2014-06-13 01:14:09.260980
"0,0,-1,1,-1,0,0,0,0",8,1,1,2014-06-13 01:14:09.260980
"0,0,1,-1,1,0,0,-1,0",1,1,1,2014-06-13 01:14:09.260980
"-1,0,-1,1,-1,0,0,1,0",7,1,1,2014-06-13 01:14:09.260980
"1,0,1,-1,1,0,-1,-1,0",9,1,1,2014-06-13 01:14:09.260980
"0,0,0,0,0,0,0,0,0",4,1,1,2014-06-13 01:14:09.260980
"0,0,0,-1,0,0,0,0,0",7,1,1,2014-06-13 01:14:09.260980
"0,0,0,1,0,0,-1,0,0",6,1,1,2014-06-13 01:14:09.260980
"0,0,0,-1,0,-1,1,0,0",1,1,1,2014-06-13 01:14:09.260980
"-1,0,0,1,0,1,-1,0,0",3,1,1,2014-06-13 01:14:09.260980
"1,0,-1,-1,0,-1,1,0,0",9,1,1,2014-06-13 01:14:09.260980
"-1,0,1,1,0,1,-1,0,-1",2,1,1,2014-06-13 01:14:09.260980
"1,-1,-1,-1,0,-1,1,0,1",5,1,1,2014-06-13 01:14:09.260980
"0,0,0,0,0,0,0,0,0",8,1,1,2014-06-13 01:14:09.260980
"0,0,0,0,0,0,0,-1,0",3,1,1,2014-06-13 01:14:09.260980
"0,0,-1,0,0,0,0,1,0",9,1,1,2014-06-13 01:14:09.260980
"0,0,1,0,0,0,0,-1,-1",2,1,1,2014-06-13 01:14:09.260980
"0,-1,-1,0,0,0,0,1,1",6,1,1,2014-06-13 01:14:09.260980
"0,1,1,0,0,-1,0,-1,-1",1,1,1,2014-06-13 01:14:09.260980
"0,0,0,0,0,0,0,0,0",6,1,1,2014-06-13 01:14:09.260980
"0,0,0,0,0,-1,0,0,0",5,1,1,2014-06-13 01:14:09.260980
"0,0,0,0,-1,1,0,0,0",2,1,1,2014-06-13 01:14:09.260980
"0,-1,0,0,1,-1,0,0,0",7,1,1,2014-06-13 01:14:09.260980
"0,1,0,0,-1,1,-1,0,0",3,1,1,2014-06-13 01:14:09.260980
"0,-1,-1,0,1,-1,1,0,0",8,1,1,2014-06-13 01:14:09.260980
"0,1,1,0,-1,1,-1,-1,0",4,1,1,2014-06-13 01:14:09.260980
"0,-1,-1,-1,1,-1,1,1,0",1,1,1,2014-06-13 01:14:09.260980
"-1,1,1,1,-1,1,-1,-1,0",9,1,1,2014-06-13 01:14:09.260980
"0,0,0,0,0,0,0,0,0",6,1,1,2014-06-13 01:14:09.260980
"0,0,0,0,0,-1,0,0,0",8,1,1,2014-06-13 01:14:09.260980
"0,0,0,0,0,1,0,-1,0",5,1,1,2014-06-13 01:14:09.260980
"0,0,0,0,-1,-1,0,1,0",1,1,1,2014-06-13 01:14:09.260980
"-1,0,0,0,1,1,0,-1,0",4,1,1,2014-06-13 01:14:09.260980
"0,0,0,0,0,0,0,0,0",6,1,1,2014-06-13 01:14:09.260980
"0,0,0,0,0,-1,0,0,0",8,1,1,2014-06-13 01:14:09.260980
"0,0,0,0,0,1,0,-1,0",1,1,1,2014-06-13 01:14:09.260980
"-1,0,0,0,0,-1,0,1,0",9,1,1,2014-06-13 01:14:09.260980
"1,0,0,0,0,1,0,-1,-1",4,1,1,2014-06-13 01:14:09.260980
"-1,0,0,-1,0,-1,0,1,1",7,1,1,2014-06-13 01:14:09.260980
"0,0,0,0,0,0,0,0,0",6,1,1,2014-06-13 01:14:09.260980
"0,0,0,0,0,-1,0,0,0",4,1,1,2014-06-13 01:14:09.260980
"0,0,0,-1,0,1,0,0,0",9,1,1,2014-06-13 01:14:09.260980
"0,0,0,1,0,-1,0,0,-1",2,1,1,2014-06-13 01:14:09.260980
"0,-1,0,-1,0,1,0,0,1",8,1,1,2014-06-13 01:14:09.260980
"0,1,0,1,0,-1,0,-1,-1",3,1,1,2014-06-13 01:14:09.260980
"0,-1,-1,-1,0,1,0,1,1",1,1,1,2014-06-13 01:14:09.260980
"-1,1,1,1,0,-1,0,-1,-1",5,1,1,2014-06-13 01:14:09.260980
"1,-1,-1,-1,-1,1,0,1,1",7,1,1,2014-06-13 01:14:09.260980
